id,filename,is_ai,generator,category
ai_art_qwen_2512_art_08.png,images/ai/art/qwen_2512_art_08.png,true,Qwen 2512,art
ai_art_flux_2_flex_art_03.png,images/ai/art/flux_2_flex_art_03.png,true,Flux,art
ai_art_seedream_v3_art_07.png,images/ai/art/seedream_v3_art_07.png,true,Seedream,art
ai_art_seedream_v3_art_06.png,images/ai/art/seedream_v3_art_06.png,true,Seedream,art
ai_art_flux_2_flex_art_02.png,images/ai/art/flux_2_flex_art_02.png,true,Flux,art
ai_art_glm_image_art_01.png,images/ai/art/glm_image_art_01.png,true,GLM Image,art
ai_art_qwen_2512_art_09.png,images/ai/art/qwen_2512_art_09.png,true,Qwen 2512,art
ai_art_wan_v2.6_art_09.png,images/ai/art/wan_v2.6_art_09.png,true,Wan v2.6,art
ai_art_flux_schnell_art_08.png,images/ai/art/flux_schnell_art_08.png,true,Flux Schnell,art
ai_art_glm_image_art_03.png,images/ai/art/glm_image_art_03.png,true,GLM Image,art
ai_art_seedream_v3_art_10.png,images/ai/art/seedream_v3_art_10.png,true,Seedream,art
ai_art_seedream_v3_art_04.png,images/ai/art/seedream_v3_art_04.png,true,Seedream,art
ai_art_seedream_v3_art_05.png,images/ai/art/seedream_v3_art_05.png,true,Seedream,art
ai_art_flux_2_flex_art_01.png,images/ai/art/flux_2_flex_art_01.png,true,Flux,art
ai_art_glm_image_art_02.png,images/ai/art/glm_image_art_02.png,true,GLM Image,art
ai_art_flux_schnell_art_09.png,images/ai/art/flux_schnell_art_09.png,true,Flux Schnell,art
ai_art_wan_v2.6_art_08.png,images/ai/art/wan_v2.6_art_08.png,true,Wan v2.6,art
ai_art_z_image_art_09.png,images/ai/art/z_image_art_09.png,true,Z,art
ai_art_glm_image_art_06.png,images/ai/art/glm_image_art_06.png,true,GLM Image,art
ai_art_flux_2_flex_art_05.png,images/ai/art/flux_2_flex_art_05.png,true,Flux,art
ai_art_seedream_v3_art_01.png,images/ai/art/seedream_v3_art_01.png,true,Seedream,art
ai_art_flux_2_flex_art_10.png,images/ai/art/flux_2_flex_art_10.png,true,Flux,art
ai_art_flux_2_flex_art_04.png,images/ai/art/flux_2_flex_art_04.png,true,Flux,art
ai_art_glm_image_art_07.png,images/ai/art/glm_image_art_07.png,true,GLM Image,art
ai_art_z_image_art_08.png,images/ai/art/z_image_art_08.png,true,Z,art
ai_art_glm_image_art_05.png,images/ai/art/glm_image_art_05.png,true,GLM Image,art
ai_art_flux_2_flex_art_06.png,images/ai/art/flux_2_flex_art_06.png,true,Flux,art
ai_art_seedream_v3_art_02.png,images/ai/art/seedream_v3_art_02.png,true,Seedream,art
ai_art_seedream_v3_art_03.png,images/ai/art/seedream_v3_art_03.png,true,Seedream,art
ai_art_flux_2_flex_art_07.png,images/ai/art/flux_2_flex_art_07.png,true,Flux,art
ai_art_glm_image_art_10.png,images/ai/art/glm_image_art_10.png,true,GLM Image,art
ai_art_glm_image_art_04.png,images/ai/art/glm_image_art_04.png,true,GLM Image,art
ai_art_hunyuan_v3_art_07.png,images/ai/art/hunyuan_v3_art_07.png,true,Hunyuan v3,art
ai_art_ideogram_v3_art_04.png,images/ai/art/ideogram_v3_art_04.png,true,Ideogram v3,art
ai_art_ideogram_v3_art_10.png,images/ai/art/ideogram_v3_art_10.png,true,Ideogram v3,art
ai_art_sd_3.5_large_art_08.png,images/ai/art/sd_3.5_large_art_08.png,true,Sd,art
ai_art_seedream_v4_art_03.png,images/ai/art/seedream_v4_art_03.png,true,Seedream,art
ai_art_leonardo_phoenix_art_06.png,images/ai/art/leonardo_phoenix_art_06.png,true,Leonardo Phoenix,art
ai_art_leonardo_phoenix_art_07.png,images/ai/art/leonardo_phoenix_art_07.png,true,Leonardo Phoenix,art
ai_art_grok_aurora_art_01.png,images/ai/art/grok_aurora_art_01.png,true,Grok Aurora,art
ai_art_seedream_v4_art_02.png,images/ai/art/seedream_v4_art_02.png,true,Seedream,art
ai_art_sd_3.5_large_art_09.png,images/ai/art/sd_3.5_large_art_09.png,true,Sd,art
ai_art_ideogram_v3_art_05.png,images/ai/art/ideogram_v3_art_05.png,true,Ideogram v3,art
ai_art_hunyuan_v3_art_06.png,images/ai/art/hunyuan_v3_art_06.png,true,Hunyuan v3,art
ai_art_hunyuan_v3_art_04.png,images/ai/art/hunyuan_v3_art_04.png,true,Hunyuan v3,art
ai_art_hunyuan_v3_art_10.png,images/ai/art/hunyuan_v3_art_10.png,true,Hunyuan v3,art
ai_art_recraft_v3_art_09.png,images/ai/art/recraft_v3_art_09.png,true,Recraft v3,art
ai_art_ideogram_v3_art_07.png,images/ai/art/ideogram_v3_art_07.png,true,Ideogram v3,art
ai_art_grok_aurora_art_03.png,images/ai/art/grok_aurora_art_03.png,true,Grok Aurora,art
ai_art_leonardo_phoenix_art_05.png,images/ai/art/leonardo_phoenix_art_05.png,true,Leonardo Phoenix,art
ai_art_leonardo_phoenix_art_10.png,images/ai/art/leonardo_phoenix_art_10.png,true,Leonardo Phoenix,art
ai_art_leonardo_phoenix_art_04.png,images/ai/art/leonardo_phoenix_art_04.png,true,Leonardo Phoenix,art
ai_art_grok_aurora_art_02.png,images/ai/art/grok_aurora_art_02.png,true,Grok Aurora,art
ai_art_seedream_v4_art_01.png,images/ai/art/seedream_v4_art_01.png,true,Seedream,art
ai_art_ideogram_v3_art_06.png,images/ai/art/ideogram_v3_art_06.png,true,Ideogram v3,art
ai_art_recraft_v3_art_08.png,images/ai/art/recraft_v3_art_08.png,true,Recraft v3,art
ai_art_hunyuan_v3_art_05.png,images/ai/art/hunyuan_v3_art_05.png,true,Hunyuan v3,art
ai_art_hunyuan_v3_art_01.png,images/ai/art/hunyuan_v3_art_01.png,true,Hunyuan v3,art
ai_art_ideogram_v3_art_02.png,images/ai/art/ideogram_v3_art_02.png,true,Ideogram v3,art
ai_art_flux_pro_v1.1_art_09.png,images/ai/art/flux_pro_v1.1_art_09.png,true,Flux Pro v1.1,art
ai_art_seedream_v4_art_05.png,images/ai/art/seedream_v4_art_05.png,true,Seedream,art
ai_art_grok_aurora_art_06.png,images/ai/art/grok_aurora_art_06.png,true,Grok Aurora,art
ai_art_grok_aurora_art_07.png,images/ai/art/grok_aurora_art_07.png,true,Grok Aurora,art
ai_art_leonardo_phoenix_art_01.png,images/ai/art/leonardo_phoenix_art_01.png,true,Leonardo Phoenix,art
ai_art_seedream_v4_art_04.png,images/ai/art/seedream_v4_art_04.png,true,Seedream,art
ai_art_seedream_v4_art_10.png,images/ai/art/seedream_v4_art_10.png,true,Seedream,art
ai_art_flux_pro_v1.1_art_08.png,images/ai/art/flux_pro_v1.1_art_08.png,true,Flux Pro v1.1,art
ai_art_ideogram_v3_art_03.png,images/ai/art/ideogram_v3_art_03.png,true,Ideogram v3,art
ai_art_hunyuan_v3_art_02.png,images/ai/art/hunyuan_v3_art_02.png,true,Hunyuan v3,art
ai_art_gpt_image_1.5_art_08.png,images/ai/art/gpt_image_1.5_art_08.png,true,Gpt,art
ai_art_ideogram_v3_art_01.png,images/ai/art/ideogram_v3_art_01.png,true,Ideogram v3,art
ai_art_gemini_3_pro_art_09.png,images/ai/art/gemini_3_pro_art_09.png,true,Gemini 3 Pro,art
ai_art_seedream_v4_art_06.png,images/ai/art/seedream_v4_art_06.png,true,Seedream,art
ai_art_leonardo_phoenix_art_03.png,images/ai/art/leonardo_phoenix_art_03.png,true,Leonardo Phoenix,art
ai_art_grok_aurora_art_05.png,images/ai/art/grok_aurora_art_05.png,true,Grok Aurora,art
ai_art_grok_aurora_art_10.png,images/ai/art/grok_aurora_art_10.png,true,Grok Aurora,art
ai_art_grok_aurora_art_04.png,images/ai/art/grok_aurora_art_04.png,true,Grok Aurora,art
ai_art_leonardo_phoenix_art_02.png,images/ai/art/leonardo_phoenix_art_02.png,true,Leonardo Phoenix,art
ai_art_seedream_v4_art_07.png,images/ai/art/seedream_v4_art_07.png,true,Seedream,art
ai_art_gemini_3_pro_art_08.png,images/ai/art/gemini_3_pro_art_08.png,true,Gemini 3 Pro,art
ai_art_gpt_image_1.5_art_09.png,images/ai/art/gpt_image_1.5_art_09.png,true,Gpt,art
ai_art_hunyuan_v3_art_03.png,images/ai/art/hunyuan_v3_art_03.png,true,Hunyuan v3,art
ai_art_gpt_image_1.5_art_10.png,images/ai/art/gpt_image_1.5_art_10.png,true,Gpt,art
ai_art_recraft_v3_art_03.png,images/ai/art/recraft_v3_art_03.png,true,Recraft v3,art
ai_art_gpt_image_1.5_art_04.png,images/ai/art/gpt_image_1.5_art_04.png,true,Gpt,art
ai_art_sd_3.5_large_art_01.png,images/ai/art/sd_3.5_large_art_01.png,true,Sd,art
ai_art_gemini_3_pro_art_05.png,images/ai/art/gemini_3_pro_art_05.png,true,Gemini 3 Pro,art
ai_art_flux_pro_v1.1_art_06.png,images/ai/art/flux_pro_v1.1_art_06.png,true,Flux Pro v1.1,art
ai_art_grok_aurora_art_09.png,images/ai/art/grok_aurora_art_09.png,true,Grok Aurora,art
ai_art_grok_aurora_art_08.png,images/ai/art/grok_aurora_art_08.png,true,Grok Aurora,art
ai_art_flux_pro_v1.1_art_07.png,images/ai/art/flux_pro_v1.1_art_07.png,true,Flux Pro v1.1,art
ai_art_gemini_3_pro_art_10.png,images/ai/art/gemini_3_pro_art_10.png,true,Gemini 3 Pro,art
ai_art_gemini_3_pro_art_04.png,images/ai/art/gemini_3_pro_art_04.png,true,Gemini 3 Pro,art
ai_art_gpt_image_1.5_art_05.png,images/ai/art/gpt_image_1.5_art_05.png,true,Gpt,art
ai_art_recraft_v3_art_02.png,images/ai/art/recraft_v3_art_02.png,true,Recraft v3,art
ai_art_gpt_image_1.5_art_07.png,images/ai/art/gpt_image_1.5_art_07.png,true,Gpt,art
ai_art_gemini_3_pro_art_06.png,images/ai/art/gemini_3_pro_art_06.png,true,Gemini 3 Pro,art
ai_art_sd_3.5_large_art_02.png,images/ai/art/sd_3.5_large_art_02.png,true,Sd,art
ai_art_flux_pro_v1.1_art_05.png,images/ai/art/flux_pro_v1.1_art_05.png,true,Flux Pro v1.1,art
ai_art_seedream_v4_art_09.png,images/ai/art/seedream_v4_art_09.png,true,Seedream,art
ai_art_seedream_v4_art_08.png,images/ai/art/seedream_v4_art_08.png,true,Seedream,art
ai_art_flux_pro_v1.1_art_10.png,images/ai/art/flux_pro_v1.1_art_10.png,true,Flux Pro v1.1,art
ai_art_flux_pro_v1.1_art_04.png,images/ai/art/flux_pro_v1.1_art_04.png,true,Flux Pro v1.1,art
ai_art_gemini_3_pro_art_07.png,images/ai/art/gemini_3_pro_art_07.png,true,Gemini 3 Pro,art
ai_art_sd_3.5_large_art_03.png,images/ai/art/sd_3.5_large_art_03.png,true,Sd,art
ai_art_recraft_v3_art_01.png,images/ai/art/recraft_v3_art_01.png,true,Recraft v3,art
ai_art_gpt_image_1.5_art_06.png,images/ai/art/gpt_image_1.5_art_06.png,true,Gpt,art
ai_art_hunyuan_v3_art_08.png,images/ai/art/hunyuan_v3_art_08.png,true,Hunyuan v3,art
ai_art_gpt_image_1.5_art_02.png,images/ai/art/gpt_image_1.5_art_02.png,true,Gpt,art
ai_art_recraft_v3_art_05.png,images/ai/art/recraft_v3_art_05.png,true,Recraft v3,art
ai_art_sd_3.5_large_art_07.png,images/ai/art/sd_3.5_large_art_07.png,true,Sd,art
ai_art_gemini_3_pro_art_03.png,images/ai/art/gemini_3_pro_art_03.png,true,Gemini 3 Pro,art
ai_art_leonardo_phoenix_art_09.png,images/ai/art/leonardo_phoenix_art_09.png,true,Leonardo Phoenix,art
ai_art_leonardo_phoenix_art_08.png,images/ai/art/leonardo_phoenix_art_08.png,true,Leonardo Phoenix,art
ai_art_flux_pro_v1.1_art_01.png,images/ai/art/flux_pro_v1.1_art_01.png,true,Flux Pro v1.1,art
ai_art_sd_3.5_large_art_06.png,images/ai/art/sd_3.5_large_art_06.png,true,Sd,art
ai_art_gemini_3_pro_art_02.png,images/ai/art/gemini_3_pro_art_02.png,true,Gemini 3 Pro,art
ai_art_recraft_v3_art_10.png,images/ai/art/recraft_v3_art_10.png,true,Recraft v3,art
ai_art_recraft_v3_art_04.png,images/ai/art/recraft_v3_art_04.png,true,Recraft v3,art
ai_art_gpt_image_1.5_art_03.png,images/ai/art/gpt_image_1.5_art_03.png,true,Gpt,art
ai_art_hunyuan_v3_art_09.png,images/ai/art/hunyuan_v3_art_09.png,true,Hunyuan v3,art
ai_art_recraft_v3_art_06.png,images/ai/art/recraft_v3_art_06.png,true,Recraft v3,art
ai_art_gpt_image_1.5_art_01.png,images/ai/art/gpt_image_1.5_art_01.png,true,Gpt,art
ai_art_sd_3.5_large_art_04.png,images/ai/art/sd_3.5_large_art_04.png,true,Sd,art
ai_art_sd_3.5_large_art_10.png,images/ai/art/sd_3.5_large_art_10.png,true,Sd,art
ai_art_ideogram_v3_art_08.png,images/ai/art/ideogram_v3_art_08.png,true,Ideogram v3,art
ai_art_flux_pro_v1.1_art_03.png,images/ai/art/flux_pro_v1.1_art_03.png,true,Flux Pro v1.1,art
ai_art_flux_pro_v1.1_art_02.png,images/ai/art/flux_pro_v1.1_art_02.png,true,Flux Pro v1.1,art
ai_art_ideogram_v3_art_09.png,images/ai/art/ideogram_v3_art_09.png,true,Ideogram v3,art
ai_art_gemini_3_pro_art_01.png,images/ai/art/gemini_3_pro_art_01.png,true,Gemini 3 Pro,art
ai_art_sd_3.5_large_art_05.png,images/ai/art/sd_3.5_large_art_05.png,true,Sd,art
ai_art_recraft_v3_art_07.png,images/ai/art/recraft_v3_art_07.png,true,Recraft v3,art
ai_art_wan_v2.6_art_03.png,images/ai/art/wan_v2.6_art_03.png,true,Wan v2.6,art
ai_art_flux_schnell_art_02.png,images/ai/art/flux_schnell_art_02.png,true,Flux Schnell,art
ai_art_qwen_2512_art_01.png,images/ai/art/qwen_2512_art_01.png,true,Qwen 2512,art
ai_art_z_image_art_06.png,images/ai/art/z_image_art_06.png,true,Z,art
ai_art_glm_image_art_09.png,images/ai/art/glm_image_art_09.png,true,GLM Image,art
ai_art_glm_image_art_08.png,images/ai/art/glm_image_art_08.png,true,GLM Image,art
ai_art_z_image_art_07.png,images/ai/art/z_image_art_07.png,true,Z,art
ai_art_flux_schnell_art_03.png,images/ai/art/flux_schnell_art_03.png,true,Flux Schnell,art
ai_art_wan_v2.6_art_02.png,images/ai/art/wan_v2.6_art_02.png,true,Wan v2.6,art
ai_art_qwen_2512_art_02.png,images/ai/art/qwen_2512_art_02.png,true,Qwen 2512,art
ai_art_flux_schnell_art_01.png,images/ai/art/flux_schnell_art_01.png,true,Flux Schnell,art
ai_art_z_image_art_05.png,images/ai/art/z_image_art_05.png,true,Z,art
ai_art_flux_2_flex_art_09.png,images/ai/art/flux_2_flex_art_09.png,true,Flux,art
ai_art_flux_2_flex_art_08.png,images/ai/art/flux_2_flex_art_08.png,true,Flux,art
ai_art_z_image_art_04.png,images/ai/art/z_image_art_04.png,true,Z,art
ai_art_z_image_art_10.png,images/ai/art/z_image_art_10.png,true,Z,art
ai_art_qwen_2512_art_03.png,images/ai/art/qwen_2512_art_03.png,true,Qwen 2512,art
ai_art_wan_v2.6_art_01.png,images/ai/art/wan_v2.6_art_01.png,true,Wan v2.6,art
ai_art_flux_schnell_art_10.png,images/ai/art/flux_schnell_art_10.png,true,Flux Schnell,art
ai_art_wan_v2.6_art_05.png,images/ai/art/wan_v2.6_art_05.png,true,Wan v2.6,art
ai_art_flux_schnell_art_04.png,images/ai/art/flux_schnell_art_04.png,true,Flux Schnell,art
ai_art_qwen_2512_art_07.png,images/ai/art/qwen_2512_art_07.png,true,Qwen 2512,art
ai_art_seedream_v3_art_08.png,images/ai/art/seedream_v3_art_08.png,true,Seedream,art
ai_art_seedream_v3_art_09.png,images/ai/art/seedream_v3_art_09.png,true,Seedream,art
ai_art_z_image_art_01.png,images/ai/art/z_image_art_01.png,true,Z,art
ai_art_flux_schnell_art_05.png,images/ai/art/flux_schnell_art_05.png,true,Flux Schnell,art
ai_art_wan_v2.6_art_04.png,images/ai/art/wan_v2.6_art_04.png,true,Wan v2.6,art
ai_art_qwen_2512_art_06.png,images/ai/art/qwen_2512_art_06.png,true,Qwen 2512,art
ai_art_wan_v2.6_art_10.png,images/ai/art/wan_v2.6_art_10.png,true,Wan v2.6,art
ai_art_qwen_2512_art_04.png,images/ai/art/qwen_2512_art_04.png,true,Qwen 2512,art
ai_art_wan_v2.6_art_06.png,images/ai/art/wan_v2.6_art_06.png,true,Wan v2.6,art
ai_art_flux_schnell_art_07.png,images/ai/art/flux_schnell_art_07.png,true,Flux Schnell,art
ai_art_qwen_2512_art_10.png,images/ai/art/qwen_2512_art_10.png,true,Qwen 2512,art
ai_art_z_image_art_03.png,images/ai/art/z_image_art_03.png,true,Z,art
ai_art_z_image_art_02.png,images/ai/art/z_image_art_02.png,true,Z,art
ai_art_qwen_2512_art_05.png,images/ai/art/qwen_2512_art_05.png,true,Qwen 2512,art
ai_art_flux_schnell_art_06.png,images/ai/art/flux_schnell_art_06.png,true,Flux Schnell,art
ai_art_wan_v2.6_art_07.png,images/ai/art/wan_v2.6_art_07.png,true,Wan v2.6,art
ai_portrait_seedream_v3_portrait_10.png,images/ai/portrait/seedream_v3_portrait_10.png,true,Seedream,portrait
ai_portrait_seedream_v3_portrait_04.png,images/ai/portrait/seedream_v3_portrait_04.png,true,Seedream,portrait
ai_portrait_recraft_v3_portrait_05.png,images/ai/portrait/recraft_v3_portrait_05.png,true,Recraft v3,portrait
ai_portrait_flux_pro_v1.1_portrait_09.png,images/ai/portrait/flux_pro_v1.1_portrait_09.png,true,Flux Pro v1.1,portrait
ai_portrait_flux_pro_v1.1_portrait_08.png,images/ai/portrait/flux_pro_v1.1_portrait_08.png,true,Flux Pro v1.1,portrait
ai_portrait_wan_v2.6_portrait_01.png,images/ai/portrait/wan_v2.6_portrait_01.png,true,Wan v2.6,portrait
ai_portrait_recraft_v3_portrait_04.png,images/ai/portrait/recraft_v3_portrait_04.png,true,Recraft v3,portrait
ai_portrait_recraft_v3_portrait_10.png,images/ai/portrait/recraft_v3_portrait_10.png,true,Recraft v3,portrait
ai_portrait_seedream_v3_portrait_05.png,images/ai/portrait/seedream_v3_portrait_05.png,true,Seedream,portrait
ai_portrait_seedream_v4_portrait_01.png,images/ai/portrait/seedream_v4_portrait_01.png,true,Seedream,portrait
ai_portrait_seedream_v4_portrait_03.png,images/ai/portrait/seedream_v4_portrait_03.png,true,Seedream,portrait
ai_portrait_seedream_v3_portrait_07.png,images/ai/portrait/seedream_v3_portrait_07.png,true,Seedream,portrait
ai_portrait_hunyuan_v3_portrait_09.png,images/ai/portrait/hunyuan_v3_portrait_09.png,true,Hunyuan v3,portrait
ai_portrait_recraft_v3_portrait_06.png,images/ai/portrait/recraft_v3_portrait_06.png,true,Recraft v3,portrait
ai_portrait_wan_v2.6_portrait_03.png,images/ai/portrait/wan_v2.6_portrait_03.png,true,Wan v2.6,portrait
ai_portrait_wan_v2.6_portrait_02.png,images/ai/portrait/wan_v2.6_portrait_02.png,true,Wan v2.6,portrait
ai_portrait_recraft_v3_portrait_07.png,images/ai/portrait/recraft_v3_portrait_07.png,true,Recraft v3,portrait
ai_portrait_hunyuan_v3_portrait_08.png,images/ai/portrait/hunyuan_v3_portrait_08.png,true,Hunyuan v3,portrait
ai_portrait_seedream_v3_portrait_06.png,images/ai/portrait/seedream_v3_portrait_06.png,true,Seedream,portrait
ai_portrait_seedream_v4_portrait_02.png,images/ai/portrait/seedream_v4_portrait_02.png,true,Seedream,portrait
ai_portrait_seedream_v3_portrait_02.png,images/ai/portrait/seedream_v3_portrait_02.png,true,Seedream,portrait
ai_portrait_seedream_v4_portrait_06.png,images/ai/portrait/seedream_v4_portrait_06.png,true,Seedream,portrait
ai_portrait_recraft_v3_portrait_03.png,images/ai/portrait/recraft_v3_portrait_03.png,true,Recraft v3,portrait
ai_portrait_grok_aurora_portrait_09.png,images/ai/portrait/grok_aurora_portrait_09.png,true,Grok Aurora,portrait
ai_portrait_qwen_2512_portrait_08.png,images/ai/portrait/qwen_2512_portrait_08.png,true,Qwen 2512,portrait
ai_portrait_wan_v2.6_portrait_06.png,images/ai/portrait/wan_v2.6_portrait_06.png,true,Wan v2.6,portrait
ai_portrait_wan_v2.6_portrait_07.png,images/ai/portrait/wan_v2.6_portrait_07.png,true,Wan v2.6,portrait
ai_portrait_qwen_2512_portrait_09.png,images/ai/portrait/qwen_2512_portrait_09.png,true,Qwen 2512,portrait
ai_portrait_recraft_v3_portrait_02.png,images/ai/portrait/recraft_v3_portrait_02.png,true,Recraft v3,portrait
ai_portrait_grok_aurora_portrait_08.png,images/ai/portrait/grok_aurora_portrait_08.png,true,Grok Aurora,portrait
ai_portrait_seedream_v4_portrait_07.png,images/ai/portrait/seedream_v4_portrait_07.png,true,Seedream,portrait
ai_portrait_seedream_v3_portrait_03.png,images/ai/portrait/seedream_v3_portrait_03.png,true,Seedream,portrait
ai_portrait_seedream_v3_portrait_01.png,images/ai/portrait/seedream_v3_portrait_01.png,true,Seedream,portrait
ai_portrait_seedream_v4_portrait_05.png,images/ai/portrait/seedream_v4_portrait_05.png,true,Seedream,portrait
ai_portrait_wan_v2.6_portrait_05.png,images/ai/portrait/wan_v2.6_portrait_05.png,true,Wan v2.6,portrait
ai_portrait_flux_schnell_portrait_08.png,images/ai/portrait/flux_schnell_portrait_08.png,true,Flux Schnell,portrait
ai_portrait_flux_schnell_portrait_09.png,images/ai/portrait/flux_schnell_portrait_09.png,true,Flux Schnell,portrait
ai_portrait_wan_v2.6_portrait_10.png,images/ai/portrait/wan_v2.6_portrait_10.png,true,Wan v2.6,portrait
ai_portrait_wan_v2.6_portrait_04.png,images/ai/portrait/wan_v2.6_portrait_04.png,true,Wan v2.6,portrait
ai_portrait_recraft_v3_portrait_01.png,images/ai/portrait/recraft_v3_portrait_01.png,true,Recraft v3,portrait
ai_portrait_seedream_v4_portrait_04.png,images/ai/portrait/seedream_v4_portrait_04.png,true,Seedream,portrait
ai_portrait_seedream_v4_portrait_10.png,images/ai/portrait/seedream_v4_portrait_10.png,true,Seedream,portrait
ai_portrait_z_image_portrait_01.png,images/ai/portrait/z_image_portrait_01.png,true,Z,portrait
ai_portrait_ideogram_v3_portrait_01.png,images/ai/portrait/ideogram_v3_portrait_01.png,true,Ideogram v3,portrait
ai_portrait_leonardo_phoenix_portrait_07.png,images/ai/portrait/leonardo_phoenix_portrait_07.png,true,Leonardo Phoenix,portrait
ai_portrait_sd_3.5_large_portrait_05.png,images/ai/portrait/sd_3.5_large_portrait_05.png,true,Sd,portrait
ai_portrait_gpt_image_1.5_portrait_01.png,images/ai/portrait/gpt_image_1.5_portrait_01.png,true,Gpt,portrait
ai_portrait_flux_2_flex_portrait_03.png,images/ai/portrait/flux_2_flex_portrait_03.png,true,Flux,portrait
ai_portrait_gemini_3_pro_portrait_10.png,images/ai/portrait/gemini_3_pro_portrait_10.png,true,Gemini 3 Pro,portrait
ai_portrait_gemini_3_pro_portrait_04.png,images/ai/portrait/gemini_3_pro_portrait_04.png,true,Gemini 3 Pro,portrait
ai_portrait_gemini_3_pro_portrait_05.png,images/ai/portrait/gemini_3_pro_portrait_05.png,true,Gemini 3 Pro,portrait
ai_portrait_flux_2_flex_portrait_02.png,images/ai/portrait/flux_2_flex_portrait_02.png,true,Flux,portrait
ai_portrait_sd_3.5_large_portrait_04.png,images/ai/portrait/sd_3.5_large_portrait_04.png,true,Sd,portrait
ai_portrait_leonardo_phoenix_portrait_06.png,images/ai/portrait/leonardo_phoenix_portrait_06.png,true,Leonardo Phoenix,portrait
ai_portrait_sd_3.5_large_portrait_10.png,images/ai/portrait/sd_3.5_large_portrait_10.png,true,Sd,portrait
ai_portrait_glm_image_portrait_01.png,images/ai/portrait/glm_image_portrait_01.png,true,GLM Image,portrait
ai_portrait_z_image_portrait_02.png,images/ai/portrait/z_image_portrait_02.png,true,Z,portrait
ai_portrait_glm_image_portrait_03.png,images/ai/portrait/glm_image_portrait_03.png,true,GLM Image,portrait
ai_portrait_ideogram_v3_portrait_02.png,images/ai/portrait/ideogram_v3_portrait_02.png,true,Ideogram v3,portrait
ai_portrait_leonardo_phoenix_portrait_10.png,images/ai/portrait/leonardo_phoenix_portrait_10.png,true,Leonardo Phoenix,portrait
ai_portrait_sd_3.5_large_portrait_06.png,images/ai/portrait/sd_3.5_large_portrait_06.png,true,Sd,portrait
ai_portrait_leonardo_phoenix_portrait_04.png,images/ai/portrait/leonardo_phoenix_portrait_04.png,true,Leonardo Phoenix,portrait
ai_portrait_gpt_image_1.5_portrait_02.png,images/ai/portrait/gpt_image_1.5_portrait_02.png,true,Gpt,portrait
ai_portrait_gemini_3_pro_portrait_07.png,images/ai/portrait/gemini_3_pro_portrait_07.png,true,Gemini 3 Pro,portrait
ai_portrait_gemini_3_pro_portrait_06.png,images/ai/portrait/gemini_3_pro_portrait_06.png,true,Gemini 3 Pro,portrait
ai_portrait_flux_2_flex_portrait_01.png,images/ai/portrait/flux_2_flex_portrait_01.png,true,Flux,portrait
ai_portrait_gpt_image_1.5_portrait_03.png,images/ai/portrait/gpt_image_1.5_portrait_03.png,true,Gpt,portrait
ai_portrait_leonardo_phoenix_portrait_05.png,images/ai/portrait/leonardo_phoenix_portrait_05.png,true,Leonardo Phoenix,portrait
ai_portrait_sd_3.5_large_portrait_07.png,images/ai/portrait/sd_3.5_large_portrait_07.png,true,Sd,portrait
ai_portrait_ideogram_v3_portrait_03.png,images/ai/portrait/ideogram_v3_portrait_03.png,true,Ideogram v3,portrait
ai_portrait_glm_image_portrait_02.png,images/ai/portrait/glm_image_portrait_02.png,true,GLM Image,portrait
ai_portrait_z_image_portrait_03.png,images/ai/portrait/z_image_portrait_03.png,true,Z,portrait
ai_portrait_z_image_portrait_07.png,images/ai/portrait/z_image_portrait_07.png,true,Z,portrait
ai_portrait_glm_image_portrait_06.png,images/ai/portrait/glm_image_portrait_06.png,true,GLM Image,portrait
ai_portrait_ideogram_v3_portrait_07.png,images/ai/portrait/ideogram_v3_portrait_07.png,true,Ideogram v3,portrait
ai_portrait_gpt_image_1.5_portrait_07.png,images/ai/portrait/gpt_image_1.5_portrait_07.png,true,Gpt,portrait
ai_portrait_sd_3.5_large_portrait_03.png,images/ai/portrait/sd_3.5_large_portrait_03.png,true,Sd,portrait
ai_portrait_leonardo_phoenix_portrait_01.png,images/ai/portrait/leonardo_phoenix_portrait_01.png,true,Leonardo Phoenix,portrait
ai_portrait_gemini_3_pro_portrait_02.png,images/ai/portrait/gemini_3_pro_portrait_02.png,true,Gemini 3 Pro,portrait
ai_portrait_flux_2_flex_portrait_05.png,images/ai/portrait/flux_2_flex_portrait_05.png,true,Flux,portrait
ai_portrait_flux_2_flex_portrait_10.png,images/ai/portrait/flux_2_flex_portrait_10.png,true,Flux,portrait
ai_portrait_flux_2_flex_portrait_04.png,images/ai/portrait/flux_2_flex_portrait_04.png,true,Flux,portrait
ai_portrait_gemini_3_pro_portrait_03.png,images/ai/portrait/gemini_3_pro_portrait_03.png,true,Gemini 3 Pro,portrait
ai_portrait_sd_3.5_large_portrait_02.png,images/ai/portrait/sd_3.5_large_portrait_02.png,true,Sd,portrait
ai_portrait_gpt_image_1.5_portrait_06.png,images/ai/portrait/gpt_image_1.5_portrait_06.png,true,Gpt,portrait
ai_portrait_ideogram_v3_portrait_06.png,images/ai/portrait/ideogram_v3_portrait_06.png,true,Ideogram v3,portrait
ai_portrait_glm_image_portrait_07.png,images/ai/portrait/glm_image_portrait_07.png,true,GLM Image,portrait
ai_portrait_z_image_portrait_06.png,images/ai/portrait/z_image_portrait_06.png,true,Z,portrait
ai_portrait_z_image_portrait_10.png,images/ai/portrait/z_image_portrait_10.png,true,Z,portrait
ai_portrait_z_image_portrait_04.png,images/ai/portrait/z_image_portrait_04.png,true,Z,portrait
ai_portrait_glm_image_portrait_05.png,images/ai/portrait/glm_image_portrait_05.png,true,GLM Image,portrait
ai_portrait_ideogram_v3_portrait_10.png,images/ai/portrait/ideogram_v3_portrait_10.png,true,Ideogram v3,portrait
ai_portrait_ideogram_v3_portrait_04.png,images/ai/portrait/ideogram_v3_portrait_04.png,true,Ideogram v3,portrait
ai_portrait_gpt_image_1.5_portrait_10.png,images/ai/portrait/gpt_image_1.5_portrait_10.png,true,Gpt,portrait
ai_portrait_gpt_image_1.5_portrait_04.png,images/ai/portrait/gpt_image_1.5_portrait_04.png,true,Gpt,portrait
ai_portrait_leonardo_phoenix_portrait_02.png,images/ai/portrait/leonardo_phoenix_portrait_02.png,true,Leonardo Phoenix,portrait
ai_portrait_gemini_3_pro_portrait_01.png,images/ai/portrait/gemini_3_pro_portrait_01.png,true,Gemini 3 Pro,portrait
ai_portrait_flux_2_flex_portrait_06.png,images/ai/portrait/flux_2_flex_portrait_06.png,true,Flux,portrait
ai_portrait_flux_2_flex_portrait_07.png,images/ai/portrait/flux_2_flex_portrait_07.png,true,Flux,portrait
ai_portrait_sd_3.5_large_portrait_01.png,images/ai/portrait/sd_3.5_large_portrait_01.png,true,Sd,portrait
ai_portrait_leonardo_phoenix_portrait_03.png,images/ai/portrait/leonardo_phoenix_portrait_03.png,true,Leonardo Phoenix,portrait
ai_portrait_gpt_image_1.5_portrait_05.png,images/ai/portrait/gpt_image_1.5_portrait_05.png,true,Gpt,portrait
ai_portrait_ideogram_v3_portrait_05.png,images/ai/portrait/ideogram_v3_portrait_05.png,true,Ideogram v3,portrait
ai_portrait_glm_image_portrait_10.png,images/ai/portrait/glm_image_portrait_10.png,true,GLM Image,portrait
ai_portrait_glm_image_portrait_04.png,images/ai/portrait/glm_image_portrait_04.png,true,GLM Image,portrait
ai_portrait_z_image_portrait_05.png,images/ai/portrait/z_image_portrait_05.png,true,Z,portrait
ai_portrait_z_image_portrait_08.png,images/ai/portrait/z_image_portrait_08.png,true,Z,portrait
ai_portrait_glm_image_portrait_09.png,images/ai/portrait/glm_image_portrait_09.png,true,GLM Image,portrait
ai_portrait_ideogram_v3_portrait_08.png,images/ai/portrait/ideogram_v3_portrait_08.png,true,Ideogram v3,portrait
ai_portrait_gpt_image_1.5_portrait_08.png,images/ai/portrait/gpt_image_1.5_portrait_08.png,true,Gpt,portrait
ai_portrait_gpt_image_1.5_portrait_09.png,images/ai/portrait/gpt_image_1.5_portrait_09.png,true,Gpt,portrait
ai_portrait_ideogram_v3_portrait_09.png,images/ai/portrait/ideogram_v3_portrait_09.png,true,Ideogram v3,portrait
ai_portrait_glm_image_portrait_08.png,images/ai/portrait/glm_image_portrait_08.png,true,GLM Image,portrait
ai_portrait_z_image_portrait_09.png,images/ai/portrait/z_image_portrait_09.png,true,Z,portrait
ai_portrait_flux_2_flex_portrait_09.png,images/ai/portrait/flux_2_flex_portrait_09.png,true,Flux,portrait
ai_portrait_flux_2_flex_portrait_08.png,images/ai/portrait/flux_2_flex_portrait_08.png,true,Flux,portrait
ai_portrait_leonardo_phoenix_portrait_08.png,images/ai/portrait/leonardo_phoenix_portrait_08.png,true,Leonardo Phoenix,portrait
ai_portrait_leonardo_phoenix_portrait_09.png,images/ai/portrait/leonardo_phoenix_portrait_09.png,true,Leonardo Phoenix,portrait
ai_portrait_sd_3.5_large_portrait_09.png,images/ai/portrait/sd_3.5_large_portrait_09.png,true,Sd,portrait
ai_portrait_gemini_3_pro_portrait_08.png,images/ai/portrait/gemini_3_pro_portrait_08.png,true,Gemini 3 Pro,portrait
ai_portrait_gemini_3_pro_portrait_09.png,images/ai/portrait/gemini_3_pro_portrait_09.png,true,Gemini 3 Pro,portrait
ai_portrait_sd_3.5_large_portrait_08.png,images/ai/portrait/sd_3.5_large_portrait_08.png,true,Sd,portrait
ai_portrait_seedream_v4_portrait_09.png,images/ai/portrait/seedream_v4_portrait_09.png,true,Seedream,portrait
ai_portrait_hunyuan_v3_portrait_03.png,images/ai/portrait/hunyuan_v3_portrait_03.png,true,Hunyuan v3,portrait
ai_portrait_grok_aurora_portrait_06.png,images/ai/portrait/grok_aurora_portrait_06.png,true,Grok Aurora,portrait
ai_portrait_qwen_2512_portrait_07.png,images/ai/portrait/qwen_2512_portrait_07.png,true,Qwen 2512,portrait
ai_portrait_wan_v2.6_portrait_09.png,images/ai/portrait/wan_v2.6_portrait_09.png,true,Wan v2.6,portrait
ai_portrait_flux_schnell_portrait_04.png,images/ai/portrait/flux_schnell_portrait_04.png,true,Flux Schnell,portrait
ai_portrait_flux_schnell_portrait_10.png,images/ai/portrait/flux_schnell_portrait_10.png,true,Flux Schnell,portrait
ai_portrait_flux_pro_v1.1_portrait_01.png,images/ai/portrait/flux_pro_v1.1_portrait_01.png,true,Flux Pro v1.1,portrait
ai_portrait_flux_schnell_portrait_05.png,images/ai/portrait/flux_schnell_portrait_05.png,true,Flux Schnell,portrait
ai_portrait_wan_v2.6_portrait_08.png,images/ai/portrait/wan_v2.6_portrait_08.png,true,Wan v2.6,portrait
ai_portrait_qwen_2512_portrait_06.png,images/ai/portrait/qwen_2512_portrait_06.png,true,Qwen 2512,portrait
ai_portrait_grok_aurora_portrait_07.png,images/ai/portrait/grok_aurora_portrait_07.png,true,Grok Aurora,portrait
ai_portrait_hunyuan_v3_portrait_02.png,images/ai/portrait/hunyuan_v3_portrait_02.png,true,Hunyuan v3,portrait
ai_portrait_seedream_v4_portrait_08.png,images/ai/portrait/seedream_v4_portrait_08.png,true,Seedream,portrait
ai_portrait_grok_aurora_portrait_05.png,images/ai/portrait/grok_aurora_portrait_05.png,true,Grok Aurora,portrait
ai_portrait_qwen_2512_portrait_04.png,images/ai/portrait/qwen_2512_portrait_04.png,true,Qwen 2512,portrait
ai_portrait_qwen_2512_portrait_10.png,images/ai/portrait/qwen_2512_portrait_10.png,true,Qwen 2512,portrait
ai_portrait_flux_schnell_portrait_07.png,images/ai/portrait/flux_schnell_portrait_07.png,true,Flux Schnell,portrait
ai_portrait_flux_pro_v1.1_portrait_03.png,images/ai/portrait/flux_pro_v1.1_portrait_03.png,true,Flux Pro v1.1,portrait
ai_portrait_flux_pro_v1.1_portrait_02.png,images/ai/portrait/flux_pro_v1.1_portrait_02.png,true,Flux Pro v1.1,portrait
ai_portrait_flux_schnell_portrait_06.png,images/ai/portrait/flux_schnell_portrait_06.png,true,Flux Schnell,portrait
ai_portrait_qwen_2512_portrait_05.png,images/ai/portrait/qwen_2512_portrait_05.png,true,Qwen 2512,portrait
ai_portrait_grok_aurora_portrait_04.png,images/ai/portrait/grok_aurora_portrait_04.png,true,Grok Aurora,portrait
ai_portrait_grok_aurora_portrait_10.png,images/ai/portrait/grok_aurora_portrait_10.png,true,Grok Aurora,portrait
ai_portrait_hunyuan_v3_portrait_01.png,images/ai/portrait/hunyuan_v3_portrait_01.png,true,Hunyuan v3,portrait
ai_portrait_hunyuan_v3_portrait_05.png,images/ai/portrait/hunyuan_v3_portrait_05.png,true,Hunyuan v3,portrait
ai_portrait_qwen_2512_portrait_01.png,images/ai/portrait/qwen_2512_portrait_01.png,true,Qwen 2512,portrait
ai_portrait_flux_schnell_portrait_02.png,images/ai/portrait/flux_schnell_portrait_02.png,true,Flux Schnell,portrait
ai_portrait_flux_pro_v1.1_portrait_06.png,images/ai/portrait/flux_pro_v1.1_portrait_06.png,true,Flux Pro v1.1,portrait
ai_portrait_flux_pro_v1.1_portrait_07.png,images/ai/portrait/flux_pro_v1.1_portrait_07.png,true,Flux Pro v1.1,portrait
ai_portrait_flux_schnell_portrait_03.png,images/ai/portrait/flux_schnell_portrait_03.png,true,Flux Schnell,portrait
ai_portrait_grok_aurora_portrait_01.png,images/ai/portrait/grok_aurora_portrait_01.png,true,Grok Aurora,portrait
ai_portrait_hunyuan_v3_portrait_10.png,images/ai/portrait/hunyuan_v3_portrait_10.png,true,Hunyuan v3,portrait
ai_portrait_hunyuan_v3_portrait_04.png,images/ai/portrait/hunyuan_v3_portrait_04.png,true,Hunyuan v3,portrait
ai_portrait_seedream_v3_portrait_08.png,images/ai/portrait/seedream_v3_portrait_08.png,true,Seedream,portrait
ai_portrait_hunyuan_v3_portrait_06.png,images/ai/portrait/hunyuan_v3_portrait_06.png,true,Hunyuan v3,portrait
ai_portrait_recraft_v3_portrait_09.png,images/ai/portrait/recraft_v3_portrait_09.png,true,Recraft v3,portrait
ai_portrait_grok_aurora_portrait_03.png,images/ai/portrait/grok_aurora_portrait_03.png,true,Grok Aurora,portrait
ai_portrait_qwen_2512_portrait_02.png,images/ai/portrait/qwen_2512_portrait_02.png,true,Qwen 2512,portrait
ai_portrait_flux_schnell_portrait_01.png,images/ai/portrait/flux_schnell_portrait_01.png,true,Flux Schnell,portrait
ai_portrait_flux_pro_v1.1_portrait_05.png,images/ai/portrait/flux_pro_v1.1_portrait_05.png,true,Flux Pro v1.1,portrait
ai_portrait_flux_pro_v1.1_portrait_10.png,images/ai/portrait/flux_pro_v1.1_portrait_10.png,true,Flux Pro v1.1,portrait
ai_portrait_flux_pro_v1.1_portrait_04.png,images/ai/portrait/flux_pro_v1.1_portrait_04.png,true,Flux Pro v1.1,portrait
ai_portrait_qwen_2512_portrait_03.png,images/ai/portrait/qwen_2512_portrait_03.png,true,Qwen 2512,portrait
ai_portrait_recraft_v3_portrait_08.png,images/ai/portrait/recraft_v3_portrait_08.png,true,Recraft v3,portrait
ai_portrait_grok_aurora_portrait_02.png,images/ai/portrait/grok_aurora_portrait_02.png,true,Grok Aurora,portrait
ai_portrait_hunyuan_v3_portrait_07.png,images/ai/portrait/hunyuan_v3_portrait_07.png,true,Hunyuan v3,portrait
ai_portrait_seedream_v3_portrait_09.png,images/ai/portrait/seedream_v3_portrait_09.png,true,Seedream,portrait
ai_product_flux_pro_v1.1_product_03.png,images/ai/product/flux_pro_v1.1_product_03.png,true,Flux Pro v1.1,product
ai_product_flux_2_flex_product_03.png,images/ai/product/flux_2_flex_product_03.png,true,Flux,product
ai_product_gpt_image_1.5_product_03.png,images/ai/product/gpt_image_1.5_product_03.png,true,Gpt,product
ai_product_gpt_image_1.5_product_02.png,images/ai/product/gpt_image_1.5_product_02.png,true,Gpt,product
ai_product_flux_2_flex_product_02.png,images/ai/product/flux_2_flex_product_02.png,true,Flux,product
ai_product_flux_pro_v1.1_product_02.png,images/ai/product/flux_pro_v1.1_product_02.png,true,Flux Pro v1.1,product
ai_product_grok_aurora_product_01.png,images/ai/product/grok_aurora_product_01.png,true,Grok Aurora,product
ai_product_glm_image_product_08.png,images/ai/product/glm_image_product_08.png,true,GLM Image,product
ai_product_grok_aurora_product_03.png,images/ai/product/grok_aurora_product_03.png,true,Grok Aurora,product
ai_product_hunyuan_v3_product_09.png,images/ai/product/hunyuan_v3_product_09.png,true,Hunyuan v3,product
ai_product_gpt_image_1.5_product_01.png,images/ai/product/gpt_image_1.5_product_01.png,true,Gpt,product
ai_product_hunyuan_v3_product_08.png,images/ai/product/hunyuan_v3_product_08.png,true,Hunyuan v3,product
ai_product_flux_2_flex_product_01.png,images/ai/product/flux_2_flex_product_01.png,true,Flux,product
ai_product_flux_pro_v1.1_product_01.png,images/ai/product/flux_pro_v1.1_product_01.png,true,Flux Pro v1.1,product
ai_product_grok_aurora_product_02.png,images/ai/product/grok_aurora_product_02.png,true,Grok Aurora,product
ai_product_glm_image_product_09.png,images/ai/product/glm_image_product_09.png,true,GLM Image,product
ai_product_grok_aurora_product_06.png,images/ai/product/grok_aurora_product_06.png,true,Grok Aurora,product
ai_product_seedream_v4_product_08.png,images/ai/product/seedream_v4_product_08.png,true,Seedream,product
ai_product_flux_pro_v1.1_product_05.png,images/ai/product/flux_pro_v1.1_product_05.png,true,Flux Pro v1.1,product
ai_product_flux_2_flex_product_05.png,images/ai/product/flux_2_flex_product_05.png,true,Flux,product
ai_product_gpt_image_1.5_product_05.png,images/ai/product/gpt_image_1.5_product_05.png,true,Gpt,product
ai_product_gpt_image_1.5_product_10.png,images/ai/product/gpt_image_1.5_product_10.png,true,Gpt,product
ai_product_gpt_image_1.5_product_04.png,images/ai/product/gpt_image_1.5_product_04.png,true,Gpt,product
ai_product_flux_2_flex_product_04.png,images/ai/product/flux_2_flex_product_04.png,true,Flux,product
ai_product_flux_2_flex_product_10.png,images/ai/product/flux_2_flex_product_10.png,true,Flux,product
ai_product_flux_pro_v1.1_product_10.png,images/ai/product/flux_pro_v1.1_product_10.png,true,Flux Pro v1.1,product
ai_product_flux_pro_v1.1_product_04.png,images/ai/product/flux_pro_v1.1_product_04.png,true,Flux Pro v1.1,product
ai_product_seedream_v4_product_09.png,images/ai/product/seedream_v4_product_09.png,true,Seedream,product
ai_product_grok_aurora_product_07.png,images/ai/product/grok_aurora_product_07.png,true,Grok Aurora,product
ai_product_grok_aurora_product_05.png,images/ai/product/grok_aurora_product_05.png,true,Grok Aurora,product
ai_product_flux_schnell_product_08.png,images/ai/product/flux_schnell_product_08.png,true,Flux Schnell,product
ai_product_flux_pro_v1.1_product_06.png,images/ai/product/flux_pro_v1.1_product_06.png,true,Flux Pro v1.1,product
ai_product_seedream_v3_product_08.png,images/ai/product/seedream_v3_product_08.png,true,Seedream,product
ai_product_flux_2_flex_product_06.png,images/ai/product/flux_2_flex_product_06.png,true,Flux,product
ai_product_gpt_image_1.5_product_06.png,images/ai/product/gpt_image_1.5_product_06.png,true,Gpt,product
ai_product_gemini_3_pro_product_09.png,images/ai/product/gemini_3_pro_product_09.png,true,Gemini 3 Pro,product
ai_product_gemini_3_pro_product_08.png,images/ai/product/gemini_3_pro_product_08.png,true,Gemini 3 Pro,product
ai_product_gpt_image_1.5_product_07.png,images/ai/product/gpt_image_1.5_product_07.png,true,Gpt,product
ai_product_flux_2_flex_product_07.png,images/ai/product/flux_2_flex_product_07.png,true,Flux,product
ai_product_seedream_v3_product_09.png,images/ai/product/seedream_v3_product_09.png,true,Seedream,product
ai_product_flux_pro_v1.1_product_07.png,images/ai/product/flux_pro_v1.1_product_07.png,true,Flux Pro v1.1,product
ai_product_flux_schnell_product_09.png,images/ai/product/flux_schnell_product_09.png,true,Flux Schnell,product
ai_product_grok_aurora_product_10.png,images/ai/product/grok_aurora_product_10.png,true,Grok Aurora,product
ai_product_grok_aurora_product_04.png,images/ai/product/grok_aurora_product_04.png,true,Grok Aurora,product
ai_product_recraft_v3_product_06.png,images/ai/product/recraft_v3_product_06.png,true,Recraft v3,product
ai_product_ideogram_v3_product_01.png,images/ai/product/ideogram_v3_product_01.png,true,Ideogram v3,product
ai_product_recraft_v3_product_07.png,images/ai/product/recraft_v3_product_07.png,true,Recraft v3,product
ai_product_recraft_v3_product_05.png,images/ai/product/recraft_v3_product_05.png,true,Recraft v3,product
ai_product_ideogram_v3_product_02.png,images/ai/product/ideogram_v3_product_02.png,true,Ideogram v3,product
ai_product_z_image_product_08.png,images/ai/product/z_image_product_08.png,true,Z,product
ai_product_qwen_2512_product_09.png,images/ai/product/qwen_2512_product_09.png,true,Qwen 2512,product
ai_product_qwen_2512_product_08.png,images/ai/product/qwen_2512_product_08.png,true,Qwen 2512,product
ai_product_z_image_product_09.png,images/ai/product/z_image_product_09.png,true,Z,product
ai_product_ideogram_v3_product_03.png,images/ai/product/ideogram_v3_product_03.png,true,Ideogram v3,product
ai_product_recraft_v3_product_04.png,images/ai/product/recraft_v3_product_04.png,true,Recraft v3,product
ai_product_recraft_v3_product_10.png,images/ai/product/recraft_v3_product_10.png,true,Recraft v3,product
ai_product_sd_3.5_large_product_09.png,images/ai/product/sd_3.5_large_product_09.png,true,Sd,product
ai_product_ideogram_v3_product_07.png,images/ai/product/ideogram_v3_product_07.png,true,Ideogram v3,product
ai_product_wan_v2.6_product_08.png,images/ai/product/wan_v2.6_product_08.png,true,Wan v2.6,product
ai_product_leonardo_phoenix_product_09.png,images/ai/product/leonardo_phoenix_product_09.png,true,Leonardo Phoenix,product
ai_product_leonardo_phoenix_product_08.png,images/ai/product/leonardo_phoenix_product_08.png,true,Leonardo Phoenix,product
ai_product_wan_v2.6_product_09.png,images/ai/product/wan_v2.6_product_09.png,true,Wan v2.6,product
ai_product_ideogram_v3_product_06.png,images/ai/product/ideogram_v3_product_06.png,true,Ideogram v3,product
ai_product_sd_3.5_large_product_08.png,images/ai/product/sd_3.5_large_product_08.png,true,Sd,product
ai_product_recraft_v3_product_01.png,images/ai/product/recraft_v3_product_01.png,true,Recraft v3,product
ai_product_recraft_v3_product_03.png,images/ai/product/recraft_v3_product_03.png,true,Recraft v3,product
ai_product_ideogram_v3_product_04.png,images/ai/product/ideogram_v3_product_04.png,true,Ideogram v3,product
ai_product_ideogram_v3_product_10.png,images/ai/product/ideogram_v3_product_10.png,true,Ideogram v3,product
ai_product_ideogram_v3_product_05.png,images/ai/product/ideogram_v3_product_05.png,true,Ideogram v3,product
ai_product_recraft_v3_product_02.png,images/ai/product/recraft_v3_product_02.png,true,Recraft v3,product
ai_product_z_image_product_02.png,images/ai/product/z_image_product_02.png,true,Z,product
ai_product_sd_3.5_large_product_06.png,images/ai/product/sd_3.5_large_product_06.png,true,Sd,product
ai_product_ideogram_v3_product_08.png,images/ai/product/ideogram_v3_product_08.png,true,Ideogram v3,product
ai_product_wan_v2.6_product_07.png,images/ai/product/wan_v2.6_product_07.png,true,Wan v2.6,product
ai_product_leonardo_phoenix_product_06.png,images/ai/product/leonardo_phoenix_product_06.png,true,Leonardo Phoenix,product
ai_product_qwen_2512_product_03.png,images/ai/product/qwen_2512_product_03.png,true,Qwen 2512,product
ai_product_qwen_2512_product_02.png,images/ai/product/qwen_2512_product_02.png,true,Qwen 2512,product
ai_product_leonardo_phoenix_product_07.png,images/ai/product/leonardo_phoenix_product_07.png,true,Leonardo Phoenix,product
ai_product_wan_v2.6_product_06.png,images/ai/product/wan_v2.6_product_06.png,true,Wan v2.6,product
ai_product_ideogram_v3_product_09.png,images/ai/product/ideogram_v3_product_09.png,true,Ideogram v3,product
ai_product_sd_3.5_large_product_07.png,images/ai/product/sd_3.5_large_product_07.png,true,Sd,product
ai_product_z_image_product_03.png,images/ai/product/z_image_product_03.png,true,Z,product
ai_product_z_image_product_01.png,images/ai/product/z_image_product_01.png,true,Z,product
ai_product_sd_3.5_large_product_05.png,images/ai/product/sd_3.5_large_product_05.png,true,Sd,product
ai_product_wan_v2.6_product_10.png,images/ai/product/wan_v2.6_product_10.png,true,Wan v2.6,product
ai_product_wan_v2.6_product_04.png,images/ai/product/wan_v2.6_product_04.png,true,Wan v2.6,product
ai_product_leonardo_phoenix_product_05.png,images/ai/product/leonardo_phoenix_product_05.png,true,Leonardo Phoenix,product
ai_product_qwen_2512_product_01.png,images/ai/product/qwen_2512_product_01.png,true,Qwen 2512,product
ai_product_leonardo_phoenix_product_04.png,images/ai/product/leonardo_phoenix_product_04.png,true,Leonardo Phoenix,product
ai_product_leonardo_phoenix_product_10.png,images/ai/product/leonardo_phoenix_product_10.png,true,Leonardo Phoenix,product
ai_product_wan_v2.6_product_05.png,images/ai/product/wan_v2.6_product_05.png,true,Wan v2.6,product
ai_product_sd_3.5_large_product_04.png,images/ai/product/sd_3.5_large_product_04.png,true,Sd,product
ai_product_sd_3.5_large_product_10.png,images/ai/product/sd_3.5_large_product_10.png,true,Sd,product
ai_product_recraft_v3_product_09.png,images/ai/product/recraft_v3_product_09.png,true,Recraft v3,product
ai_product_z_image_product_10.png,images/ai/product/z_image_product_10.png,true,Z,product
ai_product_z_image_product_04.png,images/ai/product/z_image_product_04.png,true,Z,product
ai_product_wan_v2.6_product_01.png,images/ai/product/wan_v2.6_product_01.png,true,Wan v2.6,product
ai_product_qwen_2512_product_05.png,images/ai/product/qwen_2512_product_05.png,true,Qwen 2512,product
ai_product_qwen_2512_product_04.png,images/ai/product/qwen_2512_product_04.png,true,Qwen 2512,product
ai_product_qwen_2512_product_10.png,images/ai/product/qwen_2512_product_10.png,true,Qwen 2512,product
ai_product_leonardo_phoenix_product_01.png,images/ai/product/leonardo_phoenix_product_01.png,true,Leonardo Phoenix,product
ai_product_z_image_product_05.png,images/ai/product/z_image_product_05.png,true,Z,product
ai_product_sd_3.5_large_product_01.png,images/ai/product/sd_3.5_large_product_01.png,true,Sd,product
ai_product_recraft_v3_product_08.png,images/ai/product/recraft_v3_product_08.png,true,Recraft v3,product
ai_product_sd_3.5_large_product_03.png,images/ai/product/sd_3.5_large_product_03.png,true,Sd,product
ai_product_z_image_product_07.png,images/ai/product/z_image_product_07.png,true,Z,product
ai_product_wan_v2.6_product_02.png,images/ai/product/wan_v2.6_product_02.png,true,Wan v2.6,product
ai_product_leonardo_phoenix_product_03.png,images/ai/product/leonardo_phoenix_product_03.png,true,Leonardo Phoenix,product
ai_product_qwen_2512_product_06.png,images/ai/product/qwen_2512_product_06.png,true,Qwen 2512,product
ai_product_qwen_2512_product_07.png,images/ai/product/qwen_2512_product_07.png,true,Qwen 2512,product
ai_product_leonardo_phoenix_product_02.png,images/ai/product/leonardo_phoenix_product_02.png,true,Leonardo Phoenix,product
ai_product_wan_v2.6_product_03.png,images/ai/product/wan_v2.6_product_03.png,true,Wan v2.6,product
ai_product_z_image_product_06.png,images/ai/product/z_image_product_06.png,true,Z,product
ai_product_sd_3.5_large_product_02.png,images/ai/product/sd_3.5_large_product_02.png,true,Sd,product
ai_product_glm_image_product_02.png,images/ai/product/glm_image_product_02.png,true,GLM Image,product
ai_product_grok_aurora_product_09.png,images/ai/product/grok_aurora_product_09.png,true,Grok Aurora,product
ai_product_flux_schnell_product_10.png,images/ai/product/flux_schnell_product_10.png,true,Flux Schnell,product
ai_product_seedream_v4_product_07.png,images/ai/product/seedream_v4_product_07.png,true,Seedream,product
ai_product_flux_schnell_product_04.png,images/ai/product/flux_schnell_product_04.png,true,Flux Schnell,product
ai_product_seedream_v3_product_04.png,images/ai/product/seedream_v3_product_04.png,true,Seedream,product
ai_product_seedream_v3_product_10.png,images/ai/product/seedream_v3_product_10.png,true,Seedream,product
ai_product_hunyuan_v3_product_03.png,images/ai/product/hunyuan_v3_product_03.png,true,Hunyuan v3,product
ai_product_gemini_3_pro_product_05.png,images/ai/product/gemini_3_pro_product_05.png,true,Gemini 3 Pro,product
ai_product_gemini_3_pro_product_04.png,images/ai/product/gemini_3_pro_product_04.png,true,Gemini 3 Pro,product
ai_product_gemini_3_pro_product_10.png,images/ai/product/gemini_3_pro_product_10.png,true,Gemini 3 Pro,product
ai_product_hunyuan_v3_product_02.png,images/ai/product/hunyuan_v3_product_02.png,true,Hunyuan v3,product
ai_product_seedream_v3_product_05.png,images/ai/product/seedream_v3_product_05.png,true,Seedream,product
ai_product_flux_schnell_product_05.png,images/ai/product/flux_schnell_product_05.png,true,Flux Schnell,product
ai_product_seedream_v4_product_06.png,images/ai/product/seedream_v4_product_06.png,true,Seedream,product
ai_product_grok_aurora_product_08.png,images/ai/product/grok_aurora_product_08.png,true,Grok Aurora,product
ai_product_glm_image_product_03.png,images/ai/product/glm_image_product_03.png,true,GLM Image,product
ai_product_glm_image_product_01.png,images/ai/product/glm_image_product_01.png,true,GLM Image,product
ai_product_flux_schnell_product_07.png,images/ai/product/flux_schnell_product_07.png,true,Flux Schnell,product
ai_product_seedream_v4_product_10.png,images/ai/product/seedream_v4_product_10.png,true,Seedream,product
ai_product_flux_pro_v1.1_product_09.png,images/ai/product/flux_pro_v1.1_product_09.png,true,Flux Pro v1.1,product
ai_product_seedream_v4_product_04.png,images/ai/product/seedream_v4_product_04.png,true,Seedream,product
ai_product_seedream_v3_product_07.png,images/ai/product/seedream_v3_product_07.png,true,Seedream,product
ai_product_flux_2_flex_product_09.png,images/ai/product/flux_2_flex_product_09.png,true,Flux,product
ai_product_gpt_image_1.5_product_09.png,images/ai/product/gpt_image_1.5_product_09.png,true,Gpt,product
ai_product_gemini_3_pro_product_06.png,images/ai/product/gemini_3_pro_product_06.png,true,Gemini 3 Pro,product
ai_product_gemini_3_pro_product_07.png,images/ai/product/gemini_3_pro_product_07.png,true,Gemini 3 Pro,product
ai_product_gpt_image_1.5_product_08.png,images/ai/product/gpt_image_1.5_product_08.png,true,Gpt,product
ai_product_hunyuan_v3_product_01.png,images/ai/product/hunyuan_v3_product_01.png,true,Hunyuan v3,product
ai_product_flux_2_flex_product_08.png,images/ai/product/flux_2_flex_product_08.png,true,Flux,product
ai_product_seedream_v3_product_06.png,images/ai/product/seedream_v3_product_06.png,true,Seedream,product
ai_product_seedream_v4_product_05.png,images/ai/product/seedream_v4_product_05.png,true,Seedream,product
ai_product_flux_pro_v1.1_product_08.png,images/ai/product/flux_pro_v1.1_product_08.png,true,Flux Pro v1.1,product
ai_product_flux_schnell_product_06.png,images/ai/product/flux_schnell_product_06.png,true,Flux Schnell,product
ai_product_glm_image_product_10.png,images/ai/product/glm_image_product_10.png,true,GLM Image,product
ai_product_glm_image_product_04.png,images/ai/product/glm_image_product_04.png,true,GLM Image,product
ai_product_flux_schnell_product_02.png,images/ai/product/flux_schnell_product_02.png,true,Flux Schnell,product
ai_product_seedream_v4_product_01.png,images/ai/product/seedream_v4_product_01.png,true,Seedream,product
ai_product_seedream_v3_product_02.png,images/ai/product/seedream_v3_product_02.png,true,Seedream,product
ai_product_hunyuan_v3_product_05.png,images/ai/product/hunyuan_v3_product_05.png,true,Hunyuan v3,product
ai_product_gemini_3_pro_product_03.png,images/ai/product/gemini_3_pro_product_03.png,true,Gemini 3 Pro,product
ai_product_gemini_3_pro_product_02.png,images/ai/product/gemini_3_pro_product_02.png,true,Gemini 3 Pro,product
ai_product_hunyuan_v3_product_10.png,images/ai/product/hunyuan_v3_product_10.png,true,Hunyuan v3,product
ai_product_hunyuan_v3_product_04.png,images/ai/product/hunyuan_v3_product_04.png,true,Hunyuan v3,product
ai_product_seedream_v3_product_03.png,images/ai/product/seedream_v3_product_03.png,true,Seedream,product
ai_product_flux_schnell_product_03.png,images/ai/product/flux_schnell_product_03.png,true,Flux Schnell,product
ai_product_glm_image_product_05.png,images/ai/product/glm_image_product_05.png,true,GLM Image,product
ai_product_glm_image_product_07.png,images/ai/product/glm_image_product_07.png,true,GLM Image,product
ai_product_seedream_v4_product_02.png,images/ai/product/seedream_v4_product_02.png,true,Seedream,product
ai_product_flux_schnell_product_01.png,images/ai/product/flux_schnell_product_01.png,true,Flux Schnell,product
ai_product_seedream_v3_product_01.png,images/ai/product/seedream_v3_product_01.png,true,Seedream,product
ai_product_hunyuan_v3_product_06.png,images/ai/product/hunyuan_v3_product_06.png,true,Hunyuan v3,product
ai_product_gemini_3_pro_product_01.png,images/ai/product/gemini_3_pro_product_01.png,true,Gemini 3 Pro,product
ai_product_hunyuan_v3_product_07.png,images/ai/product/hunyuan_v3_product_07.png,true,Hunyuan v3,product
ai_product_seedream_v4_product_03.png,images/ai/product/seedream_v4_product_03.png,true,Seedream,product
ai_product_glm_image_product_06.png,images/ai/product/glm_image_product_06.png,true,GLM Image,product
ai_food_seedream_v3_food_02.png,images/ai/food/seedream_v3_food_02.png,true,Seedream,food
ai_food_gemini_3_pro_food_04.png,images/ai/food/gemini_3_pro_food_04.png,true,Gemini 3 Pro,food
ai_food_gemini_3_pro_food_10.png,images/ai/food/gemini_3_pro_food_10.png,true,Gemini 3 Pro,food
ai_food_flux_schnell_food_03.png,images/ai/food/flux_schnell_food_03.png,true,Flux Schnell,food
ai_food_glm_image_food_08.png,images/ai/food/glm_image_food_08.png,true,GLM Image,food
ai_food_leonardo_phoenix_food_05.png,images/ai/food/leonardo_phoenix_food_05.png,true,Leonardo Phoenix,food
ai_food_gpt_image_1.5_food_01.png,images/ai/food/gpt_image_1.5_food_01.png,true,Gpt,food
ai_food_flux_pro_v1.1_food_05.png,images/ai/food/flux_pro_v1.1_food_05.png,true,Flux Pro v1.1,food
ai_food_flux_pro_v1.1_food_04.png,images/ai/food/flux_pro_v1.1_food_04.png,true,Flux Pro v1.1,food
ai_food_flux_pro_v1.1_food_10.png,images/ai/food/flux_pro_v1.1_food_10.png,true,Flux Pro v1.1,food
ai_food_leonardo_phoenix_food_04.png,images/ai/food/leonardo_phoenix_food_04.png,true,Leonardo Phoenix,food
ai_food_glm_image_food_09.png,images/ai/food/glm_image_food_09.png,true,GLM Image,food
ai_food_leonardo_phoenix_food_10.png,images/ai/food/leonardo_phoenix_food_10.png,true,Leonardo Phoenix,food
ai_food_flux_schnell_food_02.png,images/ai/food/flux_schnell_food_02.png,true,Flux Schnell,food
ai_food_gemini_3_pro_food_05.png,images/ai/food/gemini_3_pro_food_05.png,true,Gemini 3 Pro,food
ai_food_seedream_v3_food_03.png,images/ai/food/seedream_v3_food_03.png,true,Seedream,food
ai_food_seedream_v3_food_01.png,images/ai/food/seedream_v3_food_01.png,true,Seedream,food
ai_food_gemini_3_pro_food_07.png,images/ai/food/gemini_3_pro_food_07.png,true,Gemini 3 Pro,food
ai_food_leonardo_phoenix_food_06.png,images/ai/food/leonardo_phoenix_food_06.png,true,Leonardo Phoenix,food
ai_food_gpt_image_1.5_food_02.png,images/ai/food/gpt_image_1.5_food_02.png,true,Gpt,food
ai_food_flux_pro_v1.1_food_06.png,images/ai/food/flux_pro_v1.1_food_06.png,true,Flux Pro v1.1,food
ai_food_flux_pro_v1.1_food_07.png,images/ai/food/flux_pro_v1.1_food_07.png,true,Flux Pro v1.1,food
ai_food_gpt_image_1.5_food_03.png,images/ai/food/gpt_image_1.5_food_03.png,true,Gpt,food
ai_food_leonardo_phoenix_food_07.png,images/ai/food/leonardo_phoenix_food_07.png,true,Leonardo Phoenix,food
ai_food_flux_schnell_food_01.png,images/ai/food/flux_schnell_food_01.png,true,Flux Schnell,food
ai_food_gemini_3_pro_food_06.png,images/ai/food/gemini_3_pro_food_06.png,true,Gemini 3 Pro,food
ai_food_seedream_v3_food_10.png,images/ai/food/seedream_v3_food_10.png,true,Seedream,food
ai_food_seedream_v3_food_04.png,images/ai/food/seedream_v3_food_04.png,true,Seedream,food
ai_food_seedream_v4_food_08.png,images/ai/food/seedream_v4_food_08.png,true,Seedream,food
ai_food_gemini_3_pro_food_02.png,images/ai/food/gemini_3_pro_food_02.png,true,Gemini 3 Pro,food
ai_food_flux_schnell_food_05.png,images/ai/food/flux_schnell_food_05.png,true,Flux Schnell,food
ai_food_leonardo_phoenix_food_03.png,images/ai/food/leonardo_phoenix_food_03.png,true,Leonardo Phoenix,food
ai_food_gpt_image_1.5_food_07.png,images/ai/food/gpt_image_1.5_food_07.png,true,Gpt,food
ai_food_flux_pro_v1.1_food_03.png,images/ai/food/flux_pro_v1.1_food_03.png,true,Flux Pro v1.1,food
ai_food_flux_pro_v1.1_food_02.png,images/ai/food/flux_pro_v1.1_food_02.png,true,Flux Pro v1.1,food
ai_food_gpt_image_1.5_food_06.png,images/ai/food/gpt_image_1.5_food_06.png,true,Gpt,food
ai_food_leonardo_phoenix_food_02.png,images/ai/food/leonardo_phoenix_food_02.png,true,Leonardo Phoenix,food
ai_food_flux_schnell_food_04.png,images/ai/food/flux_schnell_food_04.png,true,Flux Schnell,food
ai_food_flux_schnell_food_10.png,images/ai/food/flux_schnell_food_10.png,true,Flux Schnell,food
ai_food_gemini_3_pro_food_03.png,images/ai/food/gemini_3_pro_food_03.png,true,Gemini 3 Pro,food
ai_food_seedream_v4_food_09.png,images/ai/food/seedream_v4_food_09.png,true,Seedream,food
ai_food_seedream_v3_food_05.png,images/ai/food/seedream_v3_food_05.png,true,Seedream,food
ai_food_seedream_v3_food_07.png,images/ai/food/seedream_v3_food_07.png,true,Seedream,food
ai_food_ideogram_v3_food_09.png,images/ai/food/ideogram_v3_food_09.png,true,Ideogram v3,food
ai_food_gemini_3_pro_food_01.png,images/ai/food/gemini_3_pro_food_01.png,true,Gemini 3 Pro,food
ai_food_flux_schnell_food_06.png,images/ai/food/flux_schnell_food_06.png,true,Flux Schnell,food
ai_food_gpt_image_1.5_food_04.png,images/ai/food/gpt_image_1.5_food_04.png,true,Gpt,food
ai_food_grok_aurora_food_09.png,images/ai/food/grok_aurora_food_09.png,true,Grok Aurora,food
ai_food_gpt_image_1.5_food_10.png,images/ai/food/gpt_image_1.5_food_10.png,true,Gpt,food
ai_food_flux_pro_v1.1_food_01.png,images/ai/food/flux_pro_v1.1_food_01.png,true,Flux Pro v1.1,food
ai_food_grok_aurora_food_08.png,images/ai/food/grok_aurora_food_08.png,true,Grok Aurora,food
ai_food_gpt_image_1.5_food_05.png,images/ai/food/gpt_image_1.5_food_05.png,true,Gpt,food
ai_food_leonardo_phoenix_food_01.png,images/ai/food/leonardo_phoenix_food_01.png,true,Leonardo Phoenix,food
ai_food_flux_schnell_food_07.png,images/ai/food/flux_schnell_food_07.png,true,Flux Schnell,food
ai_food_ideogram_v3_food_08.png,images/ai/food/ideogram_v3_food_08.png,true,Ideogram v3,food
ai_food_seedream_v3_food_06.png,images/ai/food/seedream_v3_food_06.png,true,Seedream,food
ai_food_sd_3.5_large_food_01.png,images/ai/food/sd_3.5_large_food_01.png,true,Sd,food
ai_food_flux_2_flex_food_06.png,images/ai/food/flux_2_flex_food_06.png,true,Flux,food
ai_food_hunyuan_v3_food_08.png,images/ai/food/hunyuan_v3_food_08.png,true,Hunyuan v3,food
ai_food_hunyuan_v3_food_09.png,images/ai/food/hunyuan_v3_food_09.png,true,Hunyuan v3,food
ai_food_flux_2_flex_food_07.png,images/ai/food/flux_2_flex_food_07.png,true,Flux,food
ai_food_sd_3.5_large_food_02.png,images/ai/food/sd_3.5_large_food_02.png,true,Sd,food
ai_food_flux_2_flex_food_05.png,images/ai/food/flux_2_flex_food_05.png,true,Flux,food
ai_food_qwen_2512_food_08.png,images/ai/food/qwen_2512_food_08.png,true,Qwen 2512,food
ai_food_z_image_food_09.png,images/ai/food/z_image_food_09.png,true,Z,food
ai_food_z_image_food_08.png,images/ai/food/z_image_food_08.png,true,Z,food
ai_food_flux_2_flex_food_10.png,images/ai/food/flux_2_flex_food_10.png,true,Flux,food
ai_food_flux_2_flex_food_04.png,images/ai/food/flux_2_flex_food_04.png,true,Flux,food
ai_food_qwen_2512_food_09.png,images/ai/food/qwen_2512_food_09.png,true,Qwen 2512,food
ai_food_sd_3.5_large_food_03.png,images/ai/food/sd_3.5_large_food_03.png,true,Sd,food
ai_food_sd_3.5_large_food_07.png,images/ai/food/sd_3.5_large_food_07.png,true,Sd,food
ai_food_wan_v2.6_food_08.png,images/ai/food/wan_v2.6_food_08.png,true,Wan v2.6,food
ai_food_wan_v2.6_food_09.png,images/ai/food/wan_v2.6_food_09.png,true,Wan v2.6,food
ai_food_flux_2_flex_food_01.png,images/ai/food/flux_2_flex_food_01.png,true,Flux,food
ai_food_sd_3.5_large_food_06.png,images/ai/food/sd_3.5_large_food_06.png,true,Sd,food
ai_food_sd_3.5_large_food_10.png,images/ai/food/sd_3.5_large_food_10.png,true,Sd,food
ai_food_sd_3.5_large_food_04.png,images/ai/food/sd_3.5_large_food_04.png,true,Sd,food
ai_food_recraft_v3_food_09.png,images/ai/food/recraft_v3_food_09.png,true,Recraft v3,food
ai_food_flux_2_flex_food_03.png,images/ai/food/flux_2_flex_food_03.png,true,Flux,food
ai_food_flux_2_flex_food_02.png,images/ai/food/flux_2_flex_food_02.png,true,Flux,food
ai_food_sd_3.5_large_food_05.png,images/ai/food/sd_3.5_large_food_05.png,true,Sd,food
ai_food_recraft_v3_food_08.png,images/ai/food/recraft_v3_food_08.png,true,Recraft v3,food
ai_food_sd_3.5_large_food_08.png,images/ai/food/sd_3.5_large_food_08.png,true,Sd,food
ai_food_recraft_v3_food_05.png,images/ai/food/recraft_v3_food_05.png,true,Recraft v3,food
ai_food_qwen_2512_food_02.png,images/ai/food/qwen_2512_food_02.png,true,Qwen 2512,food
ai_food_wan_v2.6_food_07.png,images/ai/food/wan_v2.6_food_07.png,true,Wan v2.6,food
ai_food_hunyuan_v3_food_01.png,images/ai/food/hunyuan_v3_food_01.png,true,Hunyuan v3,food
ai_food_z_image_food_03.png,images/ai/food/z_image_food_03.png,true,Z,food
ai_food_z_image_food_02.png,images/ai/food/z_image_food_02.png,true,Z,food
ai_food_wan_v2.6_food_06.png,images/ai/food/wan_v2.6_food_06.png,true,Wan v2.6,food
ai_food_qwen_2512_food_03.png,images/ai/food/qwen_2512_food_03.png,true,Qwen 2512,food
ai_food_recraft_v3_food_10.png,images/ai/food/recraft_v3_food_10.png,true,Recraft v3,food
ai_food_sd_3.5_large_food_09.png,images/ai/food/sd_3.5_large_food_09.png,true,Sd,food
ai_food_recraft_v3_food_04.png,images/ai/food/recraft_v3_food_04.png,true,Recraft v3,food
ai_food_recraft_v3_food_06.png,images/ai/food/recraft_v3_food_06.png,true,Recraft v3,food
ai_food_qwen_2512_food_01.png,images/ai/food/qwen_2512_food_01.png,true,Qwen 2512,food
ai_food_wan_v2.6_food_04.png,images/ai/food/wan_v2.6_food_04.png,true,Wan v2.6,food
ai_food_wan_v2.6_food_10.png,images/ai/food/wan_v2.6_food_10.png,true,Wan v2.6,food
ai_food_hunyuan_v3_food_02.png,images/ai/food/hunyuan_v3_food_02.png,true,Hunyuan v3,food
ai_food_z_image_food_01.png,images/ai/food/z_image_food_01.png,true,Z,food
ai_food_hunyuan_v3_food_03.png,images/ai/food/hunyuan_v3_food_03.png,true,Hunyuan v3,food
ai_food_wan_v2.6_food_05.png,images/ai/food/wan_v2.6_food_05.png,true,Wan v2.6,food
ai_food_recraft_v3_food_07.png,images/ai/food/recraft_v3_food_07.png,true,Recraft v3,food
ai_food_recraft_v3_food_03.png,images/ai/food/recraft_v3_food_03.png,true,Recraft v3,food
ai_food_wan_v2.6_food_01.png,images/ai/food/wan_v2.6_food_01.png,true,Wan v2.6,food
ai_food_qwen_2512_food_10.png,images/ai/food/qwen_2512_food_10.png,true,Qwen 2512,food
ai_food_flux_2_flex_food_09.png,images/ai/food/flux_2_flex_food_09.png,true,Flux,food
ai_food_qwen_2512_food_04.png,images/ai/food/qwen_2512_food_04.png,true,Qwen 2512,food
ai_food_hunyuan_v3_food_07.png,images/ai/food/hunyuan_v3_food_07.png,true,Hunyuan v3,food
ai_food_z_image_food_05.png,images/ai/food/z_image_food_05.png,true,Z,food
ai_food_z_image_food_04.png,images/ai/food/z_image_food_04.png,true,Z,food
ai_food_hunyuan_v3_food_06.png,images/ai/food/hunyuan_v3_food_06.png,true,Hunyuan v3,food
ai_food_z_image_food_10.png,images/ai/food/z_image_food_10.png,true,Z,food
ai_food_flux_2_flex_food_08.png,images/ai/food/flux_2_flex_food_08.png,true,Flux,food
ai_food_qwen_2512_food_05.png,images/ai/food/qwen_2512_food_05.png,true,Qwen 2512,food
ai_food_recraft_v3_food_02.png,images/ai/food/recraft_v3_food_02.png,true,Recraft v3,food
ai_food_wan_v2.6_food_02.png,images/ai/food/wan_v2.6_food_02.png,true,Wan v2.6,food
ai_food_qwen_2512_food_07.png,images/ai/food/qwen_2512_food_07.png,true,Qwen 2512,food
ai_food_hunyuan_v3_food_04.png,images/ai/food/hunyuan_v3_food_04.png,true,Hunyuan v3,food
ai_food_z_image_food_06.png,images/ai/food/z_image_food_06.png,true,Z,food
ai_food_hunyuan_v3_food_10.png,images/ai/food/hunyuan_v3_food_10.png,true,Hunyuan v3,food
ai_food_z_image_food_07.png,images/ai/food/z_image_food_07.png,true,Z,food
ai_food_hunyuan_v3_food_05.png,images/ai/food/hunyuan_v3_food_05.png,true,Hunyuan v3,food
ai_food_qwen_2512_food_06.png,images/ai/food/qwen_2512_food_06.png,true,Qwen 2512,food
ai_food_wan_v2.6_food_03.png,images/ai/food/wan_v2.6_food_03.png,true,Wan v2.6,food
ai_food_recraft_v3_food_01.png,images/ai/food/recraft_v3_food_01.png,true,Recraft v3,food
ai_food_ideogram_v3_food_05.png,images/ai/food/ideogram_v3_food_05.png,true,Ideogram v3,food
ai_food_seedream_v4_food_07.png,images/ai/food/seedream_v4_food_07.png,true,Seedream,food
ai_food_glm_image_food_01.png,images/ai/food/glm_image_food_01.png,true,GLM Image,food
ai_food_grok_aurora_food_05.png,images/ai/food/grok_aurora_food_05.png,true,Grok Aurora,food
ai_food_gpt_image_1.5_food_08.png,images/ai/food/gpt_image_1.5_food_08.png,true,Gpt,food
ai_food_gpt_image_1.5_food_09.png,images/ai/food/gpt_image_1.5_food_09.png,true,Gpt,food
ai_food_grok_aurora_food_04.png,images/ai/food/grok_aurora_food_04.png,true,Grok Aurora,food
ai_food_grok_aurora_food_10.png,images/ai/food/grok_aurora_food_10.png,true,Grok Aurora,food
ai_food_seedream_v4_food_06.png,images/ai/food/seedream_v4_food_06.png,true,Seedream,food
ai_food_ideogram_v3_food_10.png,images/ai/food/ideogram_v3_food_10.png,true,Ideogram v3,food
ai_food_ideogram_v3_food_04.png,images/ai/food/ideogram_v3_food_04.png,true,Ideogram v3,food
ai_food_seedream_v3_food_08.png,images/ai/food/seedream_v3_food_08.png,true,Seedream,food
ai_food_seedream_v4_food_04.png,images/ai/food/seedream_v4_food_04.png,true,Seedream,food
ai_food_seedream_v4_food_10.png,images/ai/food/seedream_v4_food_10.png,true,Seedream,food
ai_food_ideogram_v3_food_06.png,images/ai/food/ideogram_v3_food_06.png,true,Ideogram v3,food
ai_food_flux_schnell_food_09.png,images/ai/food/flux_schnell_food_09.png,true,Flux Schnell,food
ai_food_glm_image_food_02.png,images/ai/food/glm_image_food_02.png,true,GLM Image,food
ai_food_grok_aurora_food_06.png,images/ai/food/grok_aurora_food_06.png,true,Grok Aurora,food
ai_food_grok_aurora_food_07.png,images/ai/food/grok_aurora_food_07.png,true,Grok Aurora,food
ai_food_glm_image_food_03.png,images/ai/food/glm_image_food_03.png,true,GLM Image,food
ai_food_flux_schnell_food_08.png,images/ai/food/flux_schnell_food_08.png,true,Flux Schnell,food
ai_food_ideogram_v3_food_07.png,images/ai/food/ideogram_v3_food_07.png,true,Ideogram v3,food
ai_food_seedream_v4_food_05.png,images/ai/food/seedream_v4_food_05.png,true,Seedream,food
ai_food_seedream_v3_food_09.png,images/ai/food/seedream_v3_food_09.png,true,Seedream,food
ai_food_seedream_v4_food_01.png,images/ai/food/seedream_v4_food_01.png,true,Seedream,food
ai_food_ideogram_v3_food_03.png,images/ai/food/ideogram_v3_food_03.png,true,Ideogram v3,food
ai_food_glm_image_food_07.png,images/ai/food/glm_image_food_07.png,true,GLM Image,food
ai_food_grok_aurora_food_03.png,images/ai/food/grok_aurora_food_03.png,true,Grok Aurora,food
ai_food_grok_aurora_food_02.png,images/ai/food/grok_aurora_food_02.png,true,Grok Aurora,food
ai_food_glm_image_food_06.png,images/ai/food/glm_image_food_06.png,true,GLM Image,food
ai_food_ideogram_v3_food_02.png,images/ai/food/ideogram_v3_food_02.png,true,Ideogram v3,food
ai_food_gemini_3_pro_food_08.png,images/ai/food/gemini_3_pro_food_08.png,true,Gemini 3 Pro,food
ai_food_seedream_v4_food_02.png,images/ai/food/seedream_v4_food_02.png,true,Seedream,food
ai_food_leonardo_phoenix_food_09.png,images/ai/food/leonardo_phoenix_food_09.png,true,Leonardo Phoenix,food
ai_food_glm_image_food_10.png,images/ai/food/glm_image_food_10.png,true,GLM Image,food
ai_food_glm_image_food_04.png,images/ai/food/glm_image_food_04.png,true,GLM Image,food
ai_food_flux_pro_v1.1_food_09.png,images/ai/food/flux_pro_v1.1_food_09.png,true,Flux Pro v1.1,food
ai_food_flux_pro_v1.1_food_08.png,images/ai/food/flux_pro_v1.1_food_08.png,true,Flux Pro v1.1,food
ai_food_grok_aurora_food_01.png,images/ai/food/grok_aurora_food_01.png,true,Grok Aurora,food
ai_food_glm_image_food_05.png,images/ai/food/glm_image_food_05.png,true,GLM Image,food
ai_food_leonardo_phoenix_food_08.png,images/ai/food/leonardo_phoenix_food_08.png,true,Leonardo Phoenix,food
ai_food_seedream_v4_food_03.png,images/ai/food/seedream_v4_food_03.png,true,Seedream,food
ai_food_ideogram_v3_food_01.png,images/ai/food/ideogram_v3_food_01.png,true,Ideogram v3,food
ai_food_gemini_3_pro_food_09.png,images/ai/food/gemini_3_pro_food_09.png,true,Gemini 3 Pro,food
ai_animal_flux_pro_v1.1_animal_07.png,images/ai/animal/flux_pro_v1.1_animal_07.png,true,Flux Pro v1.1,animal
ai_animal_seedream_v3_animal_10.png,images/ai/animal/seedream_v3_animal_10.png,true,Seedream,animal
ai_animal_seedream_v3_animal_04.png,images/ai/animal/seedream_v3_animal_04.png,true,Seedream,animal
ai_animal_ideogram_v3_animal_03.png,images/ai/animal/ideogram_v3_animal_03.png,true,Ideogram v3,animal
ai_animal_flux_2_flex_animal_07.png,images/ai/animal/flux_2_flex_animal_07.png,true,Flux,animal
ai_animal_seedream_v4_animal_01.png,images/ai/animal/seedream_v4_animal_01.png,true,Seedream,animal
ai_animal_flux_2_flex_animal_06.png,images/ai/animal/flux_2_flex_animal_06.png,true,Flux,animal
ai_animal_gemini_3_pro_animal_01.png,images/ai/animal/gemini_3_pro_animal_01.png,true,Gemini 3 Pro,animal
ai_animal_ideogram_v3_animal_02.png,images/ai/animal/ideogram_v3_animal_02.png,true,Ideogram v3,animal
ai_animal_seedream_v3_animal_05.png,images/ai/animal/seedream_v3_animal_05.png,true,Seedream,animal
ai_animal_flux_pro_v1.1_animal_06.png,images/ai/animal/flux_pro_v1.1_animal_06.png,true,Flux Pro v1.1,animal
ai_animal_flux_pro_v1.1_animal_04.png,images/ai/animal/flux_pro_v1.1_animal_04.png,true,Flux Pro v1.1,animal
ai_animal_flux_pro_v1.1_animal_10.png,images/ai/animal/flux_pro_v1.1_animal_10.png,true,Flux Pro v1.1,animal
ai_animal_seedream_v3_animal_07.png,images/ai/animal/seedream_v3_animal_07.png,true,Seedream,animal
ai_animal_sd_3.5_large_animal_09.png,images/ai/animal/sd_3.5_large_animal_09.png,true,Sd,animal
ai_animal_gemini_3_pro_animal_03.png,images/ai/animal/gemini_3_pro_animal_03.png,true,Gemini 3 Pro,animal
ai_animal_flux_2_flex_animal_04.png,images/ai/animal/flux_2_flex_animal_04.png,true,Flux,animal
ai_animal_flux_2_flex_animal_10.png,images/ai/animal/flux_2_flex_animal_10.png,true,Flux,animal
ai_animal_seedream_v4_animal_03.png,images/ai/animal/seedream_v4_animal_03.png,true,Seedream,animal
ai_animal_seedream_v4_animal_02.png,images/ai/animal/seedream_v4_animal_02.png,true,Seedream,animal
ai_animal_flux_2_flex_animal_05.png,images/ai/animal/flux_2_flex_animal_05.png,true,Flux,animal
ai_animal_gemini_3_pro_animal_02.png,images/ai/animal/gemini_3_pro_animal_02.png,true,Gemini 3 Pro,animal
ai_animal_ideogram_v3_animal_01.png,images/ai/animal/ideogram_v3_animal_01.png,true,Ideogram v3,animal
ai_animal_sd_3.5_large_animal_08.png,images/ai/animal/sd_3.5_large_animal_08.png,true,Sd,animal
ai_animal_seedream_v3_animal_06.png,images/ai/animal/seedream_v3_animal_06.png,true,Seedream,animal
ai_animal_flux_pro_v1.1_animal_05.png,images/ai/animal/flux_pro_v1.1_animal_05.png,true,Flux Pro v1.1,animal
ai_animal_seedream_v3_animal_02.png,images/ai/animal/seedream_v3_animal_02.png,true,Seedream,animal
ai_animal_flux_pro_v1.1_animal_01.png,images/ai/animal/flux_pro_v1.1_animal_01.png,true,Flux Pro v1.1,animal
ai_animal_gemini_3_pro_animal_06.png,images/ai/animal/gemini_3_pro_animal_06.png,true,Gemini 3 Pro,animal
ai_animal_ideogram_v3_animal_05.png,images/ai/animal/ideogram_v3_animal_05.png,true,Ideogram v3,animal
ai_animal_flux_2_flex_animal_01.png,images/ai/animal/flux_2_flex_animal_01.png,true,Flux,animal
ai_animal_seedream_v4_animal_06.png,images/ai/animal/seedream_v4_animal_06.png,true,Seedream,animal
ai_animal_seedream_v4_animal_07.png,images/ai/animal/seedream_v4_animal_07.png,true,Seedream,animal
ai_animal_ideogram_v3_animal_10.png,images/ai/animal/ideogram_v3_animal_10.png,true,Ideogram v3,animal
ai_animal_ideogram_v3_animal_04.png,images/ai/animal/ideogram_v3_animal_04.png,true,Ideogram v3,animal
ai_animal_gemini_3_pro_animal_07.png,images/ai/animal/gemini_3_pro_animal_07.png,true,Gemini 3 Pro,animal
ai_animal_seedream_v3_animal_03.png,images/ai/animal/seedream_v3_animal_03.png,true,Seedream,animal
ai_animal_seedream_v3_animal_01.png,images/ai/animal/seedream_v3_animal_01.png,true,Seedream,animal
ai_animal_flux_pro_v1.1_animal_02.png,images/ai/animal/flux_pro_v1.1_animal_02.png,true,Flux Pro v1.1,animal
ai_animal_gemini_3_pro_animal_05.png,images/ai/animal/gemini_3_pro_animal_05.png,true,Gemini 3 Pro,animal
ai_animal_ideogram_v3_animal_06.png,images/ai/animal/ideogram_v3_animal_06.png,true,Ideogram v3,animal
ai_animal_flux_2_flex_animal_02.png,images/ai/animal/flux_2_flex_animal_02.png,true,Flux,animal
ai_animal_seedream_v4_animal_05.png,images/ai/animal/seedream_v4_animal_05.png,true,Seedream,animal
ai_animal_qwen_2512_animal_08.png,images/ai/animal/qwen_2512_animal_08.png,true,Qwen 2512,animal
ai_animal_qwen_2512_animal_09.png,images/ai/animal/qwen_2512_animal_09.png,true,Qwen 2512,animal
ai_animal_seedream_v4_animal_10.png,images/ai/animal/seedream_v4_animal_10.png,true,Seedream,animal
ai_animal_seedream_v4_animal_04.png,images/ai/animal/seedream_v4_animal_04.png,true,Seedream,animal
ai_animal_flux_2_flex_animal_03.png,images/ai/animal/flux_2_flex_animal_03.png,true,Flux,animal
ai_animal_ideogram_v3_animal_07.png,images/ai/animal/ideogram_v3_animal_07.png,true,Ideogram v3,animal
ai_animal_gemini_3_pro_animal_04.png,images/ai/animal/gemini_3_pro_animal_04.png,true,Gemini 3 Pro,animal
ai_animal_gemini_3_pro_animal_10.png,images/ai/animal/gemini_3_pro_animal_10.png,true,Gemini 3 Pro,animal
ai_animal_flux_pro_v1.1_animal_03.png,images/ai/animal/flux_pro_v1.1_animal_03.png,true,Flux Pro v1.1,animal
ai_animal_flux_schnell_animal_01.png,images/ai/animal/flux_schnell_animal_01.png,true,Flux Schnell,animal
ai_animal_z_image_animal_06.png,images/ai/animal/z_image_animal_06.png,true,Z,animal
ai_animal_grok_aurora_animal_10.png,images/ai/animal/grok_aurora_animal_10.png,true,Grok Aurora,animal
ai_animal_grok_aurora_animal_04.png,images/ai/animal/grok_aurora_animal_04.png,true,Grok Aurora,animal
ai_animal_glm_image_animal_06.png,images/ai/animal/glm_image_animal_06.png,true,GLM Image,animal
ai_animal_recraft_v3_animal_02.png,images/ai/animal/recraft_v3_animal_02.png,true,Recraft v3,animal
ai_animal_glm_image_animal_07.png,images/ai/animal/glm_image_animal_07.png,true,GLM Image,animal
ai_animal_recraft_v3_animal_03.png,images/ai/animal/recraft_v3_animal_03.png,true,Recraft v3,animal
ai_animal_grok_aurora_animal_05.png,images/ai/animal/grok_aurora_animal_05.png,true,Grok Aurora,animal
ai_animal_z_image_animal_07.png,images/ai/animal/z_image_animal_07.png,true,Z,animal
ai_animal_flux_schnell_animal_02.png,images/ai/animal/flux_schnell_animal_02.png,true,Flux Schnell,animal
ai_animal_z_image_animal_05.png,images/ai/animal/z_image_animal_05.png,true,Z,animal
ai_animal_grok_aurora_animal_07.png,images/ai/animal/grok_aurora_animal_07.png,true,Grok Aurora,animal
ai_animal_recraft_v3_animal_01.png,images/ai/animal/recraft_v3_animal_01.png,true,Recraft v3,animal
ai_animal_glm_image_animal_05.png,images/ai/animal/glm_image_animal_05.png,true,GLM Image,animal
ai_animal_glm_image_animal_10.png,images/ai/animal/glm_image_animal_10.png,true,GLM Image,animal
ai_animal_glm_image_animal_04.png,images/ai/animal/glm_image_animal_04.png,true,GLM Image,animal
ai_animal_grok_aurora_animal_06.png,images/ai/animal/grok_aurora_animal_06.png,true,Grok Aurora,animal
ai_animal_z_image_animal_10.png,images/ai/animal/z_image_animal_10.png,true,Z,animal
ai_animal_z_image_animal_04.png,images/ai/animal/z_image_animal_04.png,true,Z,animal
ai_animal_flux_schnell_animal_03.png,images/ai/animal/flux_schnell_animal_03.png,true,Flux Schnell,animal
ai_animal_flux_schnell_animal_07.png,images/ai/animal/flux_schnell_animal_07.png,true,Flux Schnell,animal
ai_animal_wan_v2.6_animal_09.png,images/ai/animal/wan_v2.6_animal_09.png,true,Wan v2.6,animal
ai_animal_hunyuan_v3_animal_09.png,images/ai/animal/hunyuan_v3_animal_09.png,true,Hunyuan v3,animal
ai_animal_grok_aurora_animal_02.png,images/ai/animal/grok_aurora_animal_02.png,true,Grok Aurora,animal
ai_animal_recraft_v3_animal_04.png,images/ai/animal/recraft_v3_animal_04.png,true,Recraft v3,animal
ai_animal_recraft_v3_animal_10.png,images/ai/animal/recraft_v3_animal_10.png,true,Recraft v3,animal
ai_animal_gpt_image_1.5_animal_08.png,images/ai/animal/gpt_image_1.5_animal_08.png,true,Gpt,animal
ai_animal_gpt_image_1.5_animal_09.png,images/ai/animal/gpt_image_1.5_animal_09.png,true,Gpt,animal
ai_animal_glm_image_animal_01.png,images/ai/animal/glm_image_animal_01.png,true,GLM Image,animal
ai_animal_recraft_v3_animal_05.png,images/ai/animal/recraft_v3_animal_05.png,true,Recraft v3,animal
ai_animal_grok_aurora_animal_03.png,images/ai/animal/grok_aurora_animal_03.png,true,Grok Aurora,animal
ai_animal_hunyuan_v3_animal_08.png,images/ai/animal/hunyuan_v3_animal_08.png,true,Hunyuan v3,animal
ai_animal_flux_schnell_animal_06.png,images/ai/animal/flux_schnell_animal_06.png,true,Flux Schnell,animal
ai_animal_wan_v2.6_animal_08.png,images/ai/animal/wan_v2.6_animal_08.png,true,Wan v2.6,animal
ai_animal_z_image_animal_01.png,images/ai/animal/z_image_animal_01.png,true,Z,animal
ai_animal_z_image_animal_03.png,images/ai/animal/z_image_animal_03.png,true,Z,animal
ai_animal_flux_schnell_animal_04.png,images/ai/animal/flux_schnell_animal_04.png,true,Flux Schnell,animal
ai_animal_flux_schnell_animal_10.png,images/ai/animal/flux_schnell_animal_10.png,true,Flux Schnell,animal
ai_animal_grok_aurora_animal_01.png,images/ai/animal/grok_aurora_animal_01.png,true,Grok Aurora,animal
ai_animal_leonardo_phoenix_animal_08.png,images/ai/animal/leonardo_phoenix_animal_08.png,true,Leonardo Phoenix,animal
ai_animal_recraft_v3_animal_07.png,images/ai/animal/recraft_v3_animal_07.png,true,Recraft v3,animal
ai_animal_glm_image_animal_03.png,images/ai/animal/glm_image_animal_03.png,true,GLM Image,animal
ai_animal_recraft_v3_animal_06.png,images/ai/animal/recraft_v3_animal_06.png,true,Recraft v3,animal
ai_animal_glm_image_animal_02.png,images/ai/animal/glm_image_animal_02.png,true,GLM Image,animal
ai_animal_leonardo_phoenix_animal_09.png,images/ai/animal/leonardo_phoenix_animal_09.png,true,Leonardo Phoenix,animal
ai_animal_flux_schnell_animal_05.png,images/ai/animal/flux_schnell_animal_05.png,true,Flux Schnell,animal
ai_animal_z_image_animal_02.png,images/ai/animal/z_image_animal_02.png,true,Z,animal
ai_animal_wan_v2.6_animal_06.png,images/ai/animal/wan_v2.6_animal_06.png,true,Wan v2.6,animal
ai_animal_flux_schnell_animal_08.png,images/ai/animal/flux_schnell_animal_08.png,true,Flux Schnell,animal
ai_animal_hunyuan_v3_animal_06.png,images/ai/animal/hunyuan_v3_animal_06.png,true,Hunyuan v3,animal
ai_animal_leonardo_phoenix_animal_10.png,images/ai/animal/leonardo_phoenix_animal_10.png,true,Leonardo Phoenix,animal
ai_animal_leonardo_phoenix_animal_04.png,images/ai/animal/leonardo_phoenix_animal_04.png,true,Leonardo Phoenix,animal
ai_animal_gpt_image_1.5_animal_07.png,images/ai/animal/gpt_image_1.5_animal_07.png,true,Gpt,animal
ai_animal_gpt_image_1.5_animal_06.png,images/ai/animal/gpt_image_1.5_animal_06.png,true,Gpt,animal
ai_animal_leonardo_phoenix_animal_05.png,images/ai/animal/leonardo_phoenix_animal_05.png,true,Leonardo Phoenix,animal
ai_animal_hunyuan_v3_animal_07.png,images/ai/animal/hunyuan_v3_animal_07.png,true,Hunyuan v3,animal
ai_animal_wan_v2.6_animal_07.png,images/ai/animal/wan_v2.6_animal_07.png,true,Wan v2.6,animal
ai_animal_flux_schnell_animal_09.png,images/ai/animal/flux_schnell_animal_09.png,true,Flux Schnell,animal
ai_animal_wan_v2.6_animal_05.png,images/ai/animal/wan_v2.6_animal_05.png,true,Wan v2.6,animal
ai_animal_hunyuan_v3_animal_05.png,images/ai/animal/hunyuan_v3_animal_05.png,true,Hunyuan v3,animal
ai_animal_leonardo_phoenix_animal_07.png,images/ai/animal/leonardo_phoenix_animal_07.png,true,Leonardo Phoenix,animal
ai_animal_recraft_v3_animal_08.png,images/ai/animal/recraft_v3_animal_08.png,true,Recraft v3,animal
ai_animal_gpt_image_1.5_animal_04.png,images/ai/animal/gpt_image_1.5_animal_04.png,true,Gpt,animal
ai_animal_gpt_image_1.5_animal_10.png,images/ai/animal/gpt_image_1.5_animal_10.png,true,Gpt,animal
ai_animal_gpt_image_1.5_animal_05.png,images/ai/animal/gpt_image_1.5_animal_05.png,true,Gpt,animal
ai_animal_recraft_v3_animal_09.png,images/ai/animal/recraft_v3_animal_09.png,true,Recraft v3,animal
ai_animal_leonardo_phoenix_animal_06.png,images/ai/animal/leonardo_phoenix_animal_06.png,true,Leonardo Phoenix,animal
ai_animal_hunyuan_v3_animal_10.png,images/ai/animal/hunyuan_v3_animal_10.png,true,Hunyuan v3,animal
ai_animal_hunyuan_v3_animal_04.png,images/ai/animal/hunyuan_v3_animal_04.png,true,Hunyuan v3,animal
ai_animal_wan_v2.6_animal_10.png,images/ai/animal/wan_v2.6_animal_10.png,true,Wan v2.6,animal
ai_animal_wan_v2.6_animal_04.png,images/ai/animal/wan_v2.6_animal_04.png,true,Wan v2.6,animal
ai_animal_z_image_animal_09.png,images/ai/animal/z_image_animal_09.png,true,Z,animal
ai_animal_leonardo_phoenix_animal_02.png,images/ai/animal/leonardo_phoenix_animal_02.png,true,Leonardo Phoenix,animal
ai_animal_gpt_image_1.5_animal_01.png,images/ai/animal/gpt_image_1.5_animal_01.png,true,Gpt,animal
ai_animal_glm_image_animal_09.png,images/ai/animal/glm_image_animal_09.png,true,GLM Image,animal
ai_animal_glm_image_animal_08.png,images/ai/animal/glm_image_animal_08.png,true,GLM Image,animal
ai_animal_leonardo_phoenix_animal_03.png,images/ai/animal/leonardo_phoenix_animal_03.png,true,Leonardo Phoenix,animal
ai_animal_hunyuan_v3_animal_01.png,images/ai/animal/hunyuan_v3_animal_01.png,true,Hunyuan v3,animal
ai_animal_z_image_animal_08.png,images/ai/animal/z_image_animal_08.png,true,Z,animal
ai_animal_wan_v2.6_animal_01.png,images/ai/animal/wan_v2.6_animal_01.png,true,Wan v2.6,animal
ai_animal_wan_v2.6_animal_03.png,images/ai/animal/wan_v2.6_animal_03.png,true,Wan v2.6,animal
ai_animal_grok_aurora_animal_08.png,images/ai/animal/grok_aurora_animal_08.png,true,Grok Aurora,animal
ai_animal_hunyuan_v3_animal_03.png,images/ai/animal/hunyuan_v3_animal_03.png,true,Hunyuan v3,animal
ai_animal_leonardo_phoenix_animal_01.png,images/ai/animal/leonardo_phoenix_animal_01.png,true,Leonardo Phoenix,animal
ai_animal_gpt_image_1.5_animal_02.png,images/ai/animal/gpt_image_1.5_animal_02.png,true,Gpt,animal
ai_animal_gpt_image_1.5_animal_03.png,images/ai/animal/gpt_image_1.5_animal_03.png,true,Gpt,animal
ai_animal_hunyuan_v3_animal_02.png,images/ai/animal/hunyuan_v3_animal_02.png,true,Hunyuan v3,animal
ai_animal_grok_aurora_animal_09.png,images/ai/animal/grok_aurora_animal_09.png,true,Grok Aurora,animal
ai_animal_wan_v2.6_animal_02.png,images/ai/animal/wan_v2.6_animal_02.png,true,Wan v2.6,animal
ai_animal_sd_3.5_large_animal_03.png,images/ai/animal/sd_3.5_large_animal_03.png,true,Sd,animal
ai_animal_gemini_3_pro_animal_09.png,images/ai/animal/gemini_3_pro_animal_09.png,true,Gemini 3 Pro,animal
ai_animal_qwen_2512_animal_04.png,images/ai/animal/qwen_2512_animal_04.png,true,Qwen 2512,animal
ai_animal_seedream_v4_animal_09.png,images/ai/animal/seedream_v4_animal_09.png,true,Seedream,animal
ai_animal_qwen_2512_animal_10.png,images/ai/animal/qwen_2512_animal_10.png,true,Qwen 2512,animal
ai_animal_seedream_v4_animal_08.png,images/ai/animal/seedream_v4_animal_08.png,true,Seedream,animal
ai_animal_qwen_2512_animal_05.png,images/ai/animal/qwen_2512_animal_05.png,true,Qwen 2512,animal
ai_animal_gemini_3_pro_animal_08.png,images/ai/animal/gemini_3_pro_animal_08.png,true,Gemini 3 Pro,animal
ai_animal_sd_3.5_large_animal_02.png,images/ai/animal/sd_3.5_large_animal_02.png,true,Sd,animal
ai_animal_ideogram_v3_animal_09.png,images/ai/animal/ideogram_v3_animal_09.png,true,Ideogram v3,animal
ai_animal_qwen_2512_animal_07.png,images/ai/animal/qwen_2512_animal_07.png,true,Qwen 2512,animal
ai_animal_qwen_2512_animal_06.png,images/ai/animal/qwen_2512_animal_06.png,true,Qwen 2512,animal
ai_animal_ideogram_v3_animal_08.png,images/ai/animal/ideogram_v3_animal_08.png,true,Ideogram v3,animal
ai_animal_sd_3.5_large_animal_01.png,images/ai/animal/sd_3.5_large_animal_01.png,true,Sd,animal
ai_animal_flux_pro_v1.1_animal_08.png,images/ai/animal/flux_pro_v1.1_animal_08.png,true,Flux Pro v1.1,animal
ai_animal_sd_3.5_large_animal_05.png,images/ai/animal/sd_3.5_large_animal_05.png,true,Sd,animal
ai_animal_flux_2_flex_animal_08.png,images/ai/animal/flux_2_flex_animal_08.png,true,Flux,animal
ai_animal_qwen_2512_animal_02.png,images/ai/animal/qwen_2512_animal_02.png,true,Qwen 2512,animal
ai_animal_qwen_2512_animal_03.png,images/ai/animal/qwen_2512_animal_03.png,true,Qwen 2512,animal
ai_animal_flux_2_flex_animal_09.png,images/ai/animal/flux_2_flex_animal_09.png,true,Flux,animal
ai_animal_sd_3.5_large_animal_10.png,images/ai/animal/sd_3.5_large_animal_10.png,true,Sd,animal
ai_animal_sd_3.5_large_animal_04.png,images/ai/animal/sd_3.5_large_animal_04.png,true,Sd,animal
ai_animal_flux_pro_v1.1_animal_09.png,images/ai/animal/flux_pro_v1.1_animal_09.png,true,Flux Pro v1.1,animal
ai_animal_seedream_v3_animal_08.png,images/ai/animal/seedream_v3_animal_08.png,true,Seedream,animal
ai_animal_sd_3.5_large_animal_06.png,images/ai/animal/sd_3.5_large_animal_06.png,true,Sd,animal
ai_animal_qwen_2512_animal_01.png,images/ai/animal/qwen_2512_animal_01.png,true,Qwen 2512,animal
ai_animal_sd_3.5_large_animal_07.png,images/ai/animal/sd_3.5_large_animal_07.png,true,Sd,animal
ai_animal_seedream_v3_animal_09.png,images/ai/animal/seedream_v3_animal_09.png,true,Seedream,animal
ai_landscape_gemini_3_pro_landscape_04.png,images/ai/landscape/gemini_3_pro_landscape_04.png,true,Gemini 3 Pro,landscape
ai_landscape_gemini_3_pro_landscape_10.png,images/ai/landscape/gemini_3_pro_landscape_10.png,true,Gemini 3 Pro,landscape
ai_landscape_flux_schnell_landscape_01.png,images/ai/landscape/flux_schnell_landscape_01.png,true,Flux Schnell,landscape
ai_landscape_gemini_3_pro_landscape_05.png,images/ai/landscape/gemini_3_pro_landscape_05.png,true,Gemini 3 Pro,landscape
ai_landscape_gpt_image_1.5_landscape_08.png,images/ai/landscape/gpt_image_1.5_landscape_08.png,true,Gpt,landscape
ai_landscape_hunyuan_v3_landscape_09.png,images/ai/landscape/hunyuan_v3_landscape_09.png,true,Hunyuan v3,landscape
ai_landscape_sd_3.5_large_landscape_09.png,images/ai/landscape/sd_3.5_large_landscape_09.png,true,Sd,landscape
ai_landscape_gemini_3_pro_landscape_07.png,images/ai/landscape/gemini_3_pro_landscape_07.png,true,Gemini 3 Pro,landscape
ai_landscape_flux_schnell_landscape_02.png,images/ai/landscape/flux_schnell_landscape_02.png,true,Flux Schnell,landscape
ai_landscape_flux_schnell_landscape_03.png,images/ai/landscape/flux_schnell_landscape_03.png,true,Flux Schnell,landscape
ai_landscape_gemini_3_pro_landscape_06.png,images/ai/landscape/gemini_3_pro_landscape_06.png,true,Gemini 3 Pro,landscape
ai_landscape_sd_3.5_large_landscape_08.png,images/ai/landscape/sd_3.5_large_landscape_08.png,true,Sd,landscape
ai_landscape_hunyuan_v3_landscape_08.png,images/ai/landscape/hunyuan_v3_landscape_08.png,true,Hunyuan v3,landscape
ai_landscape_gpt_image_1.5_landscape_09.png,images/ai/landscape/gpt_image_1.5_landscape_09.png,true,Gpt,landscape
ai_landscape_gemini_3_pro_landscape_02.png,images/ai/landscape/gemini_3_pro_landscape_02.png,true,Gemini 3 Pro,landscape
ai_landscape_flux_schnell_landscape_07.png,images/ai/landscape/flux_schnell_landscape_07.png,true,Flux Schnell,landscape
ai_landscape_flux_schnell_landscape_06.png,images/ai/landscape/flux_schnell_landscape_06.png,true,Flux Schnell,landscape
ai_landscape_gemini_3_pro_landscape_03.png,images/ai/landscape/gemini_3_pro_landscape_03.png,true,Gemini 3 Pro,landscape
ai_landscape_gemini_3_pro_landscape_01.png,images/ai/landscape/gemini_3_pro_landscape_01.png,true,Gemini 3 Pro,landscape
ai_landscape_z_image_landscape_09.png,images/ai/landscape/z_image_landscape_09.png,true,Z,landscape
ai_landscape_flux_schnell_landscape_04.png,images/ai/landscape/flux_schnell_landscape_04.png,true,Flux Schnell,landscape
ai_landscape_flux_schnell_landscape_10.png,images/ai/landscape/flux_schnell_landscape_10.png,true,Flux Schnell,landscape
ai_landscape_flux_schnell_landscape_05.png,images/ai/landscape/flux_schnell_landscape_05.png,true,Flux Schnell,landscape
ai_landscape_z_image_landscape_08.png,images/ai/landscape/z_image_landscape_08.png,true,Z,landscape
ai_landscape_leonardo_phoenix_landscape_04.png,images/ai/landscape/leonardo_phoenix_landscape_04.png,true,Leonardo Phoenix,landscape
ai_landscape_flux_pro_v1.1_landscape_04.png,images/ai/landscape/flux_pro_v1.1_landscape_04.png,true,Flux Pro v1.1,landscape
ai_landscape_flux_pro_v1.1_landscape_10.png,images/ai/landscape/flux_pro_v1.1_landscape_10.png,true,Flux Pro v1.1,landscape
ai_landscape_ideogram_v3_landscape_08.png,images/ai/landscape/ideogram_v3_landscape_08.png,true,Ideogram v3,landscape
ai_landscape_qwen_2512_landscape_08.png,images/ai/landscape/qwen_2512_landscape_08.png,true,Qwen 2512,landscape
ai_landscape_grok_aurora_landscape_03.png,images/ai/landscape/grok_aurora_landscape_03.png,true,Grok Aurora,landscape
ai_landscape_wan_v2.6_landscape_05.png,images/ai/landscape/wan_v2.6_landscape_05.png,true,Wan v2.6,landscape
ai_landscape_recraft_v3_landscape_09.png,images/ai/landscape/recraft_v3_landscape_09.png,true,Recraft v3,landscape
ai_landscape_seedream_v4_landscape_05.png,images/ai/landscape/seedream_v4_landscape_05.png,true,Seedream,landscape
ai_landscape_seedream_v4_landscape_04.png,images/ai/landscape/seedream_v4_landscape_04.png,true,Seedream,landscape
ai_landscape_seedream_v4_landscape_10.png,images/ai/landscape/seedream_v4_landscape_10.png,true,Seedream,landscape
ai_landscape_recraft_v3_landscape_08.png,images/ai/landscape/recraft_v3_landscape_08.png,true,Recraft v3,landscape
ai_landscape_wan_v2.6_landscape_04.png,images/ai/landscape/wan_v2.6_landscape_04.png,true,Wan v2.6,landscape
ai_landscape_wan_v2.6_landscape_10.png,images/ai/landscape/wan_v2.6_landscape_10.png,true,Wan v2.6,landscape
ai_landscape_grok_aurora_landscape_02.png,images/ai/landscape/grok_aurora_landscape_02.png,true,Grok Aurora,landscape
ai_landscape_qwen_2512_landscape_09.png,images/ai/landscape/qwen_2512_landscape_09.png,true,Qwen 2512,landscape
ai_landscape_ideogram_v3_landscape_09.png,images/ai/landscape/ideogram_v3_landscape_09.png,true,Ideogram v3,landscape
ai_landscape_flux_pro_v1.1_landscape_05.png,images/ai/landscape/flux_pro_v1.1_landscape_05.png,true,Flux Pro v1.1,landscape
ai_landscape_leonardo_phoenix_landscape_07.png,images/ai/landscape/leonardo_phoenix_landscape_07.png,true,Leonardo Phoenix,landscape
ai_landscape_flux_2_flex_landscape_08.png,images/ai/landscape/flux_2_flex_landscape_08.png,true,Flux,landscape
ai_landscape_seedream_v3_landscape_08.png,images/ai/landscape/seedream_v3_landscape_08.png,true,Seedream,landscape
ai_landscape_glm_image_landscape_09.png,images/ai/landscape/glm_image_landscape_09.png,true,GLM Image,landscape
ai_landscape_flux_pro_v1.1_landscape_07.png,images/ai/landscape/flux_pro_v1.1_landscape_07.png,true,Flux Pro v1.1,landscape
ai_landscape_wan_v2.6_landscape_06.png,images/ai/landscape/wan_v2.6_landscape_06.png,true,Wan v2.6,landscape
ai_landscape_seedream_v4_landscape_06.png,images/ai/landscape/seedream_v4_landscape_06.png,true,Seedream,landscape
ai_landscape_seedream_v4_landscape_07.png,images/ai/landscape/seedream_v4_landscape_07.png,true,Seedream,landscape
ai_landscape_wan_v2.6_landscape_07.png,images/ai/landscape/wan_v2.6_landscape_07.png,true,Wan v2.6,landscape
ai_landscape_grok_aurora_landscape_01.png,images/ai/landscape/grok_aurora_landscape_01.png,true,Grok Aurora,landscape
ai_landscape_flux_pro_v1.1_landscape_06.png,images/ai/landscape/flux_pro_v1.1_landscape_06.png,true,Flux Pro v1.1,landscape
ai_landscape_glm_image_landscape_08.png,images/ai/landscape/glm_image_landscape_08.png,true,GLM Image,landscape
ai_landscape_seedream_v3_landscape_09.png,images/ai/landscape/seedream_v3_landscape_09.png,true,Seedream,landscape
ai_landscape_flux_2_flex_landscape_09.png,images/ai/landscape/flux_2_flex_landscape_09.png,true,Flux,landscape
ai_landscape_leonardo_phoenix_landscape_06.png,images/ai/landscape/leonardo_phoenix_landscape_06.png,true,Leonardo Phoenix,landscape
ai_landscape_leonardo_phoenix_landscape_02.png,images/ai/landscape/leonardo_phoenix_landscape_02.png,true,Leonardo Phoenix,landscape
ai_landscape_flux_pro_v1.1_landscape_02.png,images/ai/landscape/flux_pro_v1.1_landscape_02.png,true,Flux Pro v1.1,landscape
ai_landscape_grok_aurora_landscape_05.png,images/ai/landscape/grok_aurora_landscape_05.png,true,Grok Aurora,landscape
ai_landscape_wan_v2.6_landscape_03.png,images/ai/landscape/wan_v2.6_landscape_03.png,true,Wan v2.6,landscape
ai_landscape_seedream_v4_landscape_03.png,images/ai/landscape/seedream_v4_landscape_03.png,true,Seedream,landscape
ai_landscape_seedream_v4_landscape_02.png,images/ai/landscape/seedream_v4_landscape_02.png,true,Seedream,landscape
ai_landscape_wan_v2.6_landscape_02.png,images/ai/landscape/wan_v2.6_landscape_02.png,true,Wan v2.6,landscape
ai_landscape_grok_aurora_landscape_04.png,images/ai/landscape/grok_aurora_landscape_04.png,true,Grok Aurora,landscape
ai_landscape_grok_aurora_landscape_10.png,images/ai/landscape/grok_aurora_landscape_10.png,true,Grok Aurora,landscape
ai_landscape_flux_pro_v1.1_landscape_03.png,images/ai/landscape/flux_pro_v1.1_landscape_03.png,true,Flux Pro v1.1,landscape
ai_landscape_leonardo_phoenix_landscape_03.png,images/ai/landscape/leonardo_phoenix_landscape_03.png,true,Leonardo Phoenix,landscape
ai_landscape_leonardo_phoenix_landscape_01.png,images/ai/landscape/leonardo_phoenix_landscape_01.png,true,Leonardo Phoenix,landscape
ai_landscape_flux_pro_v1.1_landscape_01.png,images/ai/landscape/flux_pro_v1.1_landscape_01.png,true,Flux Pro v1.1,landscape
ai_landscape_grok_aurora_landscape_06.png,images/ai/landscape/grok_aurora_landscape_06.png,true,Grok Aurora,landscape
ai_landscape_seedream_v4_landscape_01.png,images/ai/landscape/seedream_v4_landscape_01.png,true,Seedream,landscape
ai_landscape_wan_v2.6_landscape_01.png,images/ai/landscape/wan_v2.6_landscape_01.png,true,Wan v2.6,landscape
ai_landscape_grok_aurora_landscape_07.png,images/ai/landscape/grok_aurora_landscape_07.png,true,Grok Aurora,landscape
ai_landscape_flux_2_flex_landscape_02.png,images/ai/landscape/flux_2_flex_landscape_02.png,true,Flux,landscape
ai_landscape_glm_image_landscape_03.png,images/ai/landscape/glm_image_landscape_03.png,true,GLM Image,landscape
ai_landscape_seedream_v3_landscape_02.png,images/ai/landscape/seedream_v3_landscape_02.png,true,Seedream,landscape
ai_landscape_ideogram_v3_landscape_01.png,images/ai/landscape/ideogram_v3_landscape_01.png,true,Ideogram v3,landscape
ai_landscape_qwen_2512_landscape_01.png,images/ai/landscape/qwen_2512_landscape_01.png,true,Qwen 2512,landscape
ai_landscape_recraft_v3_landscape_01.png,images/ai/landscape/recraft_v3_landscape_01.png,true,Recraft v3,landscape
ai_landscape_seedream_v3_landscape_03.png,images/ai/landscape/seedream_v3_landscape_03.png,true,Seedream,landscape
ai_landscape_glm_image_landscape_02.png,images/ai/landscape/glm_image_landscape_02.png,true,GLM Image,landscape
ai_landscape_flux_2_flex_landscape_03.png,images/ai/landscape/flux_2_flex_landscape_03.png,true,Flux,landscape
ai_landscape_flux_2_flex_landscape_01.png,images/ai/landscape/flux_2_flex_landscape_01.png,true,Flux,landscape
ai_landscape_seedream_v3_landscape_01.png,images/ai/landscape/seedream_v3_landscape_01.png,true,Seedream,landscape
ai_landscape_ideogram_v3_landscape_02.png,images/ai/landscape/ideogram_v3_landscape_02.png,true,Ideogram v3,landscape
ai_landscape_qwen_2512_landscape_02.png,images/ai/landscape/qwen_2512_landscape_02.png,true,Qwen 2512,landscape
ai_landscape_grok_aurora_landscape_09.png,images/ai/landscape/grok_aurora_landscape_09.png,true,Grok Aurora,landscape
ai_landscape_recraft_v3_landscape_03.png,images/ai/landscape/recraft_v3_landscape_03.png,true,Recraft v3,landscape
ai_landscape_recraft_v3_landscape_02.png,images/ai/landscape/recraft_v3_landscape_02.png,true,Recraft v3,landscape
ai_landscape_grok_aurora_landscape_08.png,images/ai/landscape/grok_aurora_landscape_08.png,true,Grok Aurora,landscape
ai_landscape_qwen_2512_landscape_03.png,images/ai/landscape/qwen_2512_landscape_03.png,true,Qwen 2512,landscape
ai_landscape_ideogram_v3_landscape_03.png,images/ai/landscape/ideogram_v3_landscape_03.png,true,Ideogram v3,landscape
ai_landscape_glm_image_landscape_01.png,images/ai/landscape/glm_image_landscape_01.png,true,GLM Image,landscape
ai_landscape_flux_2_flex_landscape_10.png,images/ai/landscape/flux_2_flex_landscape_10.png,true,Flux,landscape
ai_landscape_flux_2_flex_landscape_04.png,images/ai/landscape/flux_2_flex_landscape_04.png,true,Flux,landscape
ai_landscape_seedream_v3_landscape_10.png,images/ai/landscape/seedream_v3_landscape_10.png,true,Seedream,landscape
ai_landscape_seedream_v3_landscape_04.png,images/ai/landscape/seedream_v3_landscape_04.png,true,Seedream,landscape
ai_landscape_glm_image_landscape_05.png,images/ai/landscape/glm_image_landscape_05.png,true,GLM Image,landscape
ai_landscape_ideogram_v3_landscape_07.png,images/ai/landscape/ideogram_v3_landscape_07.png,true,Ideogram v3,landscape
ai_landscape_qwen_2512_landscape_07.png,images/ai/landscape/qwen_2512_landscape_07.png,true,Qwen 2512,landscape
ai_landscape_recraft_v3_landscape_06.png,images/ai/landscape/recraft_v3_landscape_06.png,true,Recraft v3,landscape
ai_landscape_recraft_v3_landscape_07.png,images/ai/landscape/recraft_v3_landscape_07.png,true,Recraft v3,landscape
ai_landscape_qwen_2512_landscape_06.png,images/ai/landscape/qwen_2512_landscape_06.png,true,Qwen 2512,landscape
ai_landscape_ideogram_v3_landscape_06.png,images/ai/landscape/ideogram_v3_landscape_06.png,true,Ideogram v3,landscape
ai_landscape_glm_image_landscape_10.png,images/ai/landscape/glm_image_landscape_10.png,true,GLM Image,landscape
ai_landscape_glm_image_landscape_04.png,images/ai/landscape/glm_image_landscape_04.png,true,GLM Image,landscape
ai_landscape_seedream_v3_landscape_05.png,images/ai/landscape/seedream_v3_landscape_05.png,true,Seedream,landscape
ai_landscape_flux_2_flex_landscape_05.png,images/ai/landscape/flux_2_flex_landscape_05.png,true,Flux,landscape
ai_landscape_flux_2_flex_landscape_07.png,images/ai/landscape/flux_2_flex_landscape_07.png,true,Flux,landscape
ai_landscape_leonardo_phoenix_landscape_08.png,images/ai/landscape/leonardo_phoenix_landscape_08.png,true,Leonardo Phoenix,landscape
ai_landscape_seedream_v3_landscape_07.png,images/ai/landscape/seedream_v3_landscape_07.png,true,Seedream,landscape
ai_landscape_glm_image_landscape_06.png,images/ai/landscape/glm_image_landscape_06.png,true,GLM Image,landscape
ai_landscape_flux_pro_v1.1_landscape_08.png,images/ai/landscape/flux_pro_v1.1_landscape_08.png,true,Flux Pro v1.1,landscape
ai_landscape_ideogram_v3_landscape_10.png,images/ai/landscape/ideogram_v3_landscape_10.png,true,Ideogram v3,landscape
ai_landscape_ideogram_v3_landscape_04.png,images/ai/landscape/ideogram_v3_landscape_04.png,true,Ideogram v3,landscape
ai_landscape_qwen_2512_landscape_10.png,images/ai/landscape/qwen_2512_landscape_10.png,true,Qwen 2512,landscape
ai_landscape_qwen_2512_landscape_04.png,images/ai/landscape/qwen_2512_landscape_04.png,true,Qwen 2512,landscape
ai_landscape_wan_v2.6_landscape_09.png,images/ai/landscape/wan_v2.6_landscape_09.png,true,Wan v2.6,landscape
ai_landscape_recraft_v3_landscape_05.png,images/ai/landscape/recraft_v3_landscape_05.png,true,Recraft v3,landscape
ai_landscape_seedream_v4_landscape_09.png,images/ai/landscape/seedream_v4_landscape_09.png,true,Seedream,landscape
ai_landscape_seedream_v4_landscape_08.png,images/ai/landscape/seedream_v4_landscape_08.png,true,Seedream,landscape
ai_landscape_recraft_v3_landscape_10.png,images/ai/landscape/recraft_v3_landscape_10.png,true,Recraft v3,landscape
ai_landscape_recraft_v3_landscape_04.png,images/ai/landscape/recraft_v3_landscape_04.png,true,Recraft v3,landscape
ai_landscape_wan_v2.6_landscape_08.png,images/ai/landscape/wan_v2.6_landscape_08.png,true,Wan v2.6,landscape
ai_landscape_qwen_2512_landscape_05.png,images/ai/landscape/qwen_2512_landscape_05.png,true,Qwen 2512,landscape
ai_landscape_ideogram_v3_landscape_05.png,images/ai/landscape/ideogram_v3_landscape_05.png,true,Ideogram v3,landscape
ai_landscape_flux_pro_v1.1_landscape_09.png,images/ai/landscape/flux_pro_v1.1_landscape_09.png,true,Flux Pro v1.1,landscape
ai_landscape_glm_image_landscape_07.png,images/ai/landscape/glm_image_landscape_07.png,true,GLM Image,landscape
ai_landscape_seedream_v3_landscape_06.png,images/ai/landscape/seedream_v3_landscape_06.png,true,Seedream,landscape
ai_landscape_leonardo_phoenix_landscape_09.png,images/ai/landscape/leonardo_phoenix_landscape_09.png,true,Leonardo Phoenix,landscape
ai_landscape_flux_2_flex_landscape_06.png,images/ai/landscape/flux_2_flex_landscape_06.png,true,Flux,landscape
ai_landscape_gpt_image_1.5_landscape_02.png,images/ai/landscape/gpt_image_1.5_landscape_02.png,true,Gpt,landscape
ai_landscape_hunyuan_v3_landscape_03.png,images/ai/landscape/hunyuan_v3_landscape_03.png,true,Hunyuan v3,landscape
ai_landscape_z_image_landscape_05.png,images/ai/landscape/z_image_landscape_05.png,true,Z,landscape
ai_landscape_sd_3.5_large_landscape_03.png,images/ai/landscape/sd_3.5_large_landscape_03.png,true,Sd,landscape
ai_landscape_flux_schnell_landscape_08.png,images/ai/landscape/flux_schnell_landscape_08.png,true,Flux Schnell,landscape
ai_landscape_flux_schnell_landscape_09.png,images/ai/landscape/flux_schnell_landscape_09.png,true,Flux Schnell,landscape
ai_landscape_z_image_landscape_10.png,images/ai/landscape/z_image_landscape_10.png,true,Z,landscape
ai_landscape_sd_3.5_large_landscape_02.png,images/ai/landscape/sd_3.5_large_landscape_02.png,true,Sd,landscape
ai_landscape_z_image_landscape_04.png,images/ai/landscape/z_image_landscape_04.png,true,Z,landscape
ai_landscape_hunyuan_v3_landscape_02.png,images/ai/landscape/hunyuan_v3_landscape_02.png,true,Hunyuan v3,landscape
ai_landscape_gpt_image_1.5_landscape_03.png,images/ai/landscape/gpt_image_1.5_landscape_03.png,true,Gpt,landscape
ai_landscape_gpt_image_1.5_landscape_01.png,images/ai/landscape/gpt_image_1.5_landscape_01.png,true,Gpt,landscape
ai_landscape_z_image_landscape_06.png,images/ai/landscape/z_image_landscape_06.png,true,Z,landscape
ai_landscape_sd_3.5_large_landscape_01.png,images/ai/landscape/sd_3.5_large_landscape_01.png,true,Sd,landscape
ai_landscape_z_image_landscape_07.png,images/ai/landscape/z_image_landscape_07.png,true,Z,landscape
ai_landscape_hunyuan_v3_landscape_01.png,images/ai/landscape/hunyuan_v3_landscape_01.png,true,Hunyuan v3,landscape
ai_landscape_gpt_image_1.5_landscape_04.png,images/ai/landscape/gpt_image_1.5_landscape_04.png,true,Gpt,landscape
ai_landscape_gpt_image_1.5_landscape_10.png,images/ai/landscape/gpt_image_1.5_landscape_10.png,true,Gpt,landscape
ai_landscape_hunyuan_v3_landscape_05.png,images/ai/landscape/hunyuan_v3_landscape_05.png,true,Hunyuan v3,landscape
ai_landscape_sd_3.5_large_landscape_05.png,images/ai/landscape/sd_3.5_large_landscape_05.png,true,Sd,landscape
ai_landscape_z_image_landscape_03.png,images/ai/landscape/z_image_landscape_03.png,true,Z,landscape
ai_landscape_z_image_landscape_02.png,images/ai/landscape/z_image_landscape_02.png,true,Z,landscape
ai_landscape_sd_3.5_large_landscape_04.png,images/ai/landscape/sd_3.5_large_landscape_04.png,true,Sd,landscape
ai_landscape_sd_3.5_large_landscape_10.png,images/ai/landscape/sd_3.5_large_landscape_10.png,true,Sd,landscape
ai_landscape_hunyuan_v3_landscape_04.png,images/ai/landscape/hunyuan_v3_landscape_04.png,true,Hunyuan v3,landscape
ai_landscape_hunyuan_v3_landscape_10.png,images/ai/landscape/hunyuan_v3_landscape_10.png,true,Hunyuan v3,landscape
ai_landscape_gpt_image_1.5_landscape_05.png,images/ai/landscape/gpt_image_1.5_landscape_05.png,true,Gpt,landscape
ai_landscape_gpt_image_1.5_landscape_07.png,images/ai/landscape/gpt_image_1.5_landscape_07.png,true,Gpt,landscape
ai_landscape_hunyuan_v3_landscape_06.png,images/ai/landscape/hunyuan_v3_landscape_06.png,true,Hunyuan v3,landscape
ai_landscape_sd_3.5_large_landscape_06.png,images/ai/landscape/sd_3.5_large_landscape_06.png,true,Sd,landscape
ai_landscape_gemini_3_pro_landscape_08.png,images/ai/landscape/gemini_3_pro_landscape_08.png,true,Gemini 3 Pro,landscape
ai_landscape_gemini_3_pro_landscape_09.png,images/ai/landscape/gemini_3_pro_landscape_09.png,true,Gemini 3 Pro,landscape
ai_landscape_z_image_landscape_01.png,images/ai/landscape/z_image_landscape_01.png,true,Z,landscape
ai_landscape_sd_3.5_large_landscape_07.png,images/ai/landscape/sd_3.5_large_landscape_07.png,true,Sd,landscape
ai_landscape_hunyuan_v3_landscape_07.png,images/ai/landscape/hunyuan_v3_landscape_07.png,true,Hunyuan v3,landscape
ai_landscape_gpt_image_1.5_landscape_06.png,images/ai/landscape/gpt_image_1.5_landscape_06.png,true,Gpt,landscape
real_art_art_79_oil_painting_of_countryside_landscape_in_frame.jpg,images/real/art/art_79_oil_painting_of_countryside_landscape_in_frame.jpg,false,,art
real_art_art_163_tLQRMO33DeI.jpg,images/real/art/art_163_tLQRMO33DeI.jpg,false,,art
real_art_art_082_wzSfjeKGiLk.jpg,images/real/art/art_082_wzSfjeKGiLk.jpg,false,,art
real_art_art_114_11SmxL6FI1A.jpg,images/real/art/art_114_11SmxL6FI1A.jpg,false,,art
real_art_art_58_watercolor_landscape_painting.jpg,images/real/art/art_58_watercolor_landscape_painting.jpg,false,,art
real_art_art_040_T2LEdBxpm54.jpg,images/real/art/art_040_T2LEdBxpm54.jpg,false,,art
real_art_art_105_HzNNbeGmJko.jpg,images/real/art/art_105_HzNNbeGmJko.jpg,false,,art
real_art_art_68_vintage_botanical_illustration.jpg,images/real/art/art_68_vintage_botanical_illustration.jpg,false,,art
real_art_art_164_GoJrwnPNPbg.jpg,images/real/art/art_164_GoJrwnPNPbg.jpg,false,,art
real_art_art_73_colorful_street_art_graffiti_mural.jpg,images/real/art/art_73_colorful_street_art_graffiti_mural.jpg,false,,art
real_art_art_112_zelgyeLINKc.jpg,images/real/art/art_112_zelgyeLINKc.jpg,false,,art
real_art_art_034_bkY4pok-UM0.jpg,images/real/art/art_034_bkY4pok-UM0.jpg,false,,art
real_art_art_132_xnyXLEyE8L0.jpg,images/real/art/art_132_xnyXLEyE8L0.jpg,false,,art
real_art_art_149_fnoCqGw7AMg.jpg,images/real/art/art_149_fnoCqGw7AMg.jpg,false,,art
real_art_art_166_vDZCV1akWss.jpg,images/real/art/art_166_vDZCV1akWss.jpg,false,,art
real_art_art_113_Cn2YpUFVkCo.jpg,images/real/art/art_113_Cn2YpUFVkCo.jpg,false,,art
real_art_art_78_mosaic_tile_artwork_pattern.jpg,images/real/art/art_78_mosaic_tile_artwork_pattern.jpg,false,,art
real_art_art_72_pastel_colors_watercolor_wash.jpg,images/real/art/art_72_pastel_colors_watercolor_wash.jpg,false,,art
real_art_art_074_QTWm4dJ_Z2E.jpg,images/real/art/art_074_QTWm4dJ_Z2E.jpg,false,,art
real_art_art_65_abstract_geometric_modern_art.jpg,images/real/art/art_65_abstract_geometric_modern_art.jpg,false,,art
real_art_art_056_riFTrh0K4pg.jpg,images/real/art/art_056_riFTrh0K4pg.jpg,false,,art
real_art_art_096_gzXhH-RiydU.jpg,images/real/art/art_096_gzXhH-RiydU.jpg,false,,art
real_art_art_094_JqpsJelnXb8.jpg,images/real/art/art_094_JqpsJelnXb8.jpg,false,,art
real_art_art_56_pencil_and_watercolor_art_supplies_on_table.jpg,images/real/art/art_56_pencil_and_watercolor_art_supplies_on_table.jpg,false,,art
real_art_art_160_PDAzh1rSIa8.jpg,images/real/art/art_160_PDAzh1rSIa8.jpg,false,,art
real_art_art_152_uH3wpt7gKnQ.jpg,images/real/art/art_152_uH3wpt7gKnQ.jpg,false,,art
real_art_art_088_8qigdir-PfA.jpg,images/real/art/art_088_8qigdir-PfA.jpg,false,,art
real_art_art_070_AYYbqlo5af0.jpg,images/real/art/art_070_AYYbqlo5af0.jpg,false,,art
real_art_art_80_digital_art_printed_on_gallery_wall.jpg,images/real/art/art_80_digital_art_printed_on_gallery_wall.jpg,false,,art
real_art_art_120_NiV9YsPFhM8.jpg,images/real/art/art_120_NiV9YsPFhM8.jpg,false,,art
real_art_art_093_3qoP52UWFiY.jpg,images/real/art/art_093_3qoP52UWFiY.jpg,false,,art
real_art_art_092_IhDDZyvwwC4.jpg,images/real/art/art_092_IhDDZyvwwC4.jpg,false,,art
real_art_art_108_XOyxignLq1E.jpg,images/real/art/art_108_XOyxignLq1E.jpg,false,,art
real_art_art_127_P2LmtHXV2Wc.jpg,images/real/art/art_127_P2LmtHXV2Wc.jpg,false,,art
real_art_art_104_gQxrO5kOABU.jpg,images/real/art/art_104_gQxrO5kOABU.jpg,false,,art
real_art_art_097_hBhfEXkihOs.jpg,images/real/art/art_097_hBhfEXkihOs.jpg,false,,art
real_art_art_085_Zm74mm1xEDY.jpg,images/real/art/art_085_Zm74mm1xEDY.jpg,false,,art
real_art_art_050_hyoJJZd_hhI.jpg,images/real/art/art_050_hyoJJZd_hhI.jpg,false,,art
real_art_art_053_jdhYNL0KrCA.jpg,images/real/art/art_053_jdhYNL0KrCA.jpg,false,,art
real_art_art_045_dFA5XycbhoQ.jpg,images/real/art/art_045_dFA5XycbhoQ.jpg,false,,art
real_art_art_057_m-e3AFsfOs0.jpg,images/real/art/art_057_m-e3AFsfOs0.jpg,false,,art
real_art_art_033_cpAKc-G6lPg.jpg,images/real/art/art_033_cpAKc-G6lPg.jpg,false,,art
real_art_art_159_U0_hlwXFLn0.jpg,images/real/art/art_159_U0_hlwXFLn0.jpg,false,,art
real_art_art_051_PHdLDymaV90.jpg,images/real/art/art_051_PHdLDymaV90.jpg,false,,art
real_art_art_170_Vbbz9pZmn5o.jpg,images/real/art/art_170_Vbbz9pZmn5o.jpg,false,,art
real_art_art_046_DQZl8fxpSp8.jpg,images/real/art/art_046_DQZl8fxpSp8.jpg,false,,art
real_art_art_118_BsAzhHIIwxg.jpg,images/real/art/art_118_BsAzhHIIwxg.jpg,false,,art
real_art_art_117_5MteLUU9FGI.jpg,images/real/art/art_117_5MteLUU9FGI.jpg,false,,art
real_art_art_66_still_life_oil_painting_with_fruit.jpg,images/real/art/art_66_still_life_oil_painting_with_fruit.jpg,false,,art
real_art_art_121_iKPxCjUU_bg.jpg,images/real/art/art_121_iKPxCjUU_bg.jpg,false,,art
real_art_art_157_8ezfg5oYHNY.jpg,images/real/art/art_157_8ezfg5oYHNY.jpg,false,,art
real_art_art_081_w5bYMd9leus.jpg,images/real/art/art_081_w5bYMd9leus.jpg,false,,art
real_art_art_062_dP9U-tIfU3M.jpg,images/real/art/art_062_dP9U-tIfU3M.jpg,false,,art
real_art_art_032_puf8VwPLAug.jpg,images/real/art/art_032_puf8VwPLAug.jpg,false,,art
real_art_art_119_iplwfXCe8a4.jpg,images/real/art/art_119_iplwfXCe8a4.jpg,false,,art
real_art_art_142_svOht0lwbyk.jpg,images/real/art/art_142_svOht0lwbyk.jpg,false,,art
real_art_art_068_J7w12ShptC0.jpg,images/real/art/art_068_J7w12ShptC0.jpg,false,,art
real_art_art_147_oZKmdQlIVds.jpg,images/real/art/art_147_oZKmdQlIVds.jpg,false,,art
real_art_art_145_E_JDMtW_l0Y.jpg,images/real/art/art_145_E_JDMtW_l0Y.jpg,false,,art
real_art_art_52_watercolor_painting_supplies_on_table.jpg,images/real/art/art_52_watercolor_painting_supplies_on_table.jpg,false,,art
real_art_art_144_8XIAf776Fqg.jpg,images/real/art/art_144_8XIAf776Fqg.jpg,false,,art
real_art_art_126_wpw8sHoBtSY.jpg,images/real/art/art_126_wpw8sHoBtSY.jpg,false,,art
real_art_art_066_OnAwhivaqrU.jpg,images/real/art/art_066_OnAwhivaqrU.jpg,false,,art
real_art_art_124_VHX-eIns4Wo.jpg,images/real/art/art_124_VHX-eIns4Wo.jpg,false,,art
real_art_art_158_I0QTg9ctFDY.jpg,images/real/art/art_158_I0QTg9ctFDY.jpg,false,,art
real_art_art_128_XzG9XYwxgXc.jpg,images/real/art/art_128_XzG9XYwxgXc.jpg,false,,art
real_art_art_62_impressionist_landscape_painting_in_ornate_frame.jpg,images/real/art/art_62_impressionist_landscape_painting_in_ornate_frame.jpg,false,,art
real_art_art_047_OfTVSQTuQ5Y.jpg,images/real/art/art_047_OfTVSQTuQ5Y.jpg,false,,art
real_art_art_098_sKHf8VwwFdo.jpg,images/real/art/art_098_sKHf8VwwFdo.jpg,false,,art
real_art_art_130_D1IS5s5O9xo.jpg,images/real/art/art_130_D1IS5s5O9xo.jpg,false,,art
real_art_art_129_0RTmv1Kx9Qk.jpg,images/real/art/art_129_0RTmv1Kx9Qk.jpg,false,,art
real_art_art_136_rGu8w3QP48o.jpg,images/real/art/art_136_rGu8w3QP48o.jpg,false,,art
real_art_art_060_BXkYKWKL7TA.jpg,images/real/art/art_060_BXkYKWKL7TA.jpg,false,,art
real_art_art_123__yrdstGC_rg.jpg,images/real/art/art_123__yrdstGC_rg.jpg,false,,art
real_art_art_64_colorful_mural_on_building_exterior.jpg,images/real/art/art_64_colorful_mural_on_building_exterior.jpg,false,,art
real_art_art_071_n00dm9FBwrs.jpg,images/real/art/art_071_n00dm9FBwrs.jpg,false,,art
real_art_art_064_1cVQMljvsnw.jpg,images/real/art/art_064_1cVQMljvsnw.jpg,false,,art
real_art_art_107_7xemAmqHhLc.jpg,images/real/art/art_107_7xemAmqHhLc.jpg,false,,art
real_art_art_091_IF9x9SGOh1w.jpg,images/real/art/art_091_IF9x9SGOh1w.jpg,false,,art
real_art_art_058_TOcmDVAo2jo.jpg,images/real/art/art_058_TOcmDVAo2jo.jpg,false,,art
real_art_art_150_1CcjT68gMRM.jpg,images/real/art/art_150_1CcjT68gMRM.jpg,false,,art
real_art_art_100_9pU5knbOtgY.jpg,images/real/art/art_100_9pU5knbOtgY.jpg,false,,art
real_art_art_083_jBV3_PRk1-U.jpg,images/real/art/art_083_jBV3_PRk1-U.jpg,false,,art
real_art_art_035_S0c_wsCmlXE.jpg,images/real/art/art_035_S0c_wsCmlXE.jpg,false,,art
real_art_art_122_nnIzqn6B6fA.jpg,images/real/art/art_122_nnIzqn6B6fA.jpg,false,,art
real_art_art_099_3kIPqGmmgwI.jpg,images/real/art/art_099_3kIPqGmmgwI.jpg,false,,art
real_art_art_141_vsYrMcvb5nQ.jpg,images/real/art/art_141_vsYrMcvb5nQ.jpg,false,,art
real_art_art_70_art_gallery_interior_with_paintings_on_walls.jpg,images/real/art/art_70_art_gallery_interior_with_paintings_on_walls.jpg,false,,art
real_art_art_048__j6wbAlQ1ow.jpg,images/real/art/art_048__j6wbAlQ1ow.jpg,false,,art
real_art_art_079_93aN5XCAlJs.jpg,images/real/art/art_079_93aN5XCAlJs.jpg,false,,art
real_art_art_135_lvqcncxBYqw.jpg,images/real/art/art_135_lvqcncxBYqw.jpg,false,,art
real_art_art_111_DVauUHIJby0.jpg,images/real/art/art_111_DVauUHIJby0.jpg,false,,art
real_art_art_161_StV72L0DH4A.jpg,images/real/art/art_161_StV72L0DH4A.jpg,false,,art
real_art_art_087_U3NtClWLRd4.jpg,images/real/art/art_087_U3NtClWLRd4.jpg,false,,art
real_art_art_055_e-XPbBr0NhU.jpg,images/real/art/art_055_e-XPbBr0NhU.jpg,false,,art
real_art_art_043_e6xd2HXuy0A.jpg,images/real/art/art_043_e6xd2HXuy0A.jpg,false,,art
real_art_art_109_GY_YJtmwPas.jpg,images/real/art/art_109_GY_YJtmwPas.jpg,false,,art
real_art_art_61_charcoal_drawing_on_paper.jpg,images/real/art/art_61_charcoal_drawing_on_paper.jpg,false,,art
real_art_art_137_70l86REbjmk.jpg,images/real/art/art_137_70l86REbjmk.jpg,false,,art
real_art_art_154_kBzQNk9AgOg.jpg,images/real/art/art_154_kBzQNk9AgOg.jpg,false,,art
real_art_art_037_cuddQwqncLc.jpg,images/real/art/art_037_cuddQwqncLc.jpg,false,,art
real_art_art_74_gallery_wall_with_multiple_framed_artworks.jpg,images/real/art/art_74_gallery_wall_with_multiple_framed_artworks.jpg,false,,art
real_art_art_116_tEbRUeGJDfw.jpg,images/real/art/art_116_tEbRUeGJDfw.jpg,false,,art
real_art_art_125_ajAj3-55G2A.jpg,images/real/art/art_125_ajAj3-55G2A.jpg,false,,art
real_art_art_67_acrylic_pour_painting_abstract.jpg,images/real/art/art_67_acrylic_pour_painting_abstract.jpg,false,,art
real_art_art_51_modern_art_gallery_with_paintings_on_white_walls.jpg,images/real/art/art_51_modern_art_gallery_with_paintings_on_white_walls.jpg,false,,art
real_art_art_049_ZW8dIPP4S4U.jpg,images/real/art/art_049_ZW8dIPP4S4U.jpg,false,,art
real_art_art_139_DD1fSz2HF1s.jpg,images/real/art/art_139_DD1fSz2HF1s.jpg,false,,art
real_art_art_50_abstract_colorful_painting_on_canvas.jpg,images/real/art/art_50_abstract_colorful_painting_on_canvas.jpg,false,,art
real_art_art_165_yN5c71nvg6g.jpg,images/real/art/art_165_yN5c71nvg6g.jpg,false,,art
real_art_art_153_rleYWWVY4Pc.jpg,images/real/art/art_153_rleYWWVY4Pc.jpg,false,,art
real_art_art_134_tClS6SPq8Zo.jpg,images/real/art/art_134_tClS6SPq8Zo.jpg,false,,art
real_art_art_090_yCWQevKzkkM.jpg,images/real/art/art_090_yCWQevKzkkM.jpg,false,,art
real_art_art_101_YJCRjsg1LQw.jpg,images/real/art/art_101_YJCRjsg1LQw.jpg,false,,art
real_art_art_042_eN6FkYAetF8.jpg,images/real/art/art_042_eN6FkYAetF8.jpg,false,,art
real_art_art_059_yjiZAbTDkik.jpg,images/real/art/art_059_yjiZAbTDkik.jpg,false,,art
real_art_art_54_oil_painting_of_flowers_in_vase.jpg,images/real/art/art_54_oil_painting_of_flowers_in_vase.jpg,false,,art
real_art_art_089_IMZ3bM611eA.jpg,images/real/art/art_089_IMZ3bM611eA.jpg,false,,art
real_art_art_146_n1mVt4pyFow.jpg,images/real/art/art_146_n1mVt4pyFow.jpg,false,,art
real_art_art_169_Uo5MWyegjog.jpg,images/real/art/art_169_Uo5MWyegjog.jpg,false,,art
real_art_art_073_n3VWZXx5n9I.jpg,images/real/art/art_073_n3VWZXx5n9I.jpg,false,,art
real_art_art_076_I7BDP_5WPqE.jpg,images/real/art/art_076_I7BDP_5WPqE.jpg,false,,art
real_art_art_53_colorful_abstract_oil_painting_closeup.jpg,images/real/art/art_53_colorful_abstract_oil_painting_closeup.jpg,false,,art
real_art_art_080_nNqBDh_l3oE.jpg,images/real/art/art_080_nNqBDh_l3oE.jpg,false,,art
real_art_art_061_XuHkodhmiyk.jpg,images/real/art/art_061_XuHkodhmiyk.jpg,false,,art
real_art_art_60_colorful_paint_brushstrokes_close_up_texture.jpg,images/real/art/art_60_colorful_paint_brushstrokes_close_up_texture.jpg,false,,art
real_art_art_71_renaissance_painting_in_gilded_frame.jpg,images/real/art/art_71_renaissance_painting_in_gilded_frame.jpg,false,,art
real_art_art_69_mixed_media_collage_artwork.jpg,images/real/art/art_69_mixed_media_collage_artwork.jpg,false,,art
real_art_art_168_u7zd4x6-dx8.jpg,images/real/art/art_168_u7zd4x6-dx8.jpg,false,,art
real_art_art_095_9_vYkYnWn2w.jpg,images/real/art/art_095_9_vYkYnWn2w.jpg,false,,art
real_art_art_138_007R8JewpwU.jpg,images/real/art/art_138_007R8JewpwU.jpg,false,,art
real_art_art_069_ziIJiGSkfR4.jpg,images/real/art/art_069_ziIJiGSkfR4.jpg,false,,art
real_art_art_63_sculpture_in_art_museum_with_natural_light.jpg,images/real/art/art_63_sculpture_in_art_museum_with_natural_light.jpg,false,,art
real_art_art_106_cqKG2s6WP6s.jpg,images/real/art/art_106_cqKG2s6WP6s.jpg,false,,art
real_art_art_59_classical_oil_portrait_painting_in_museum.jpg,images/real/art/art_59_classical_oil_portrait_painting_in_museum.jpg,false,,art
real_art_art_039_izfOdN-3zw0.jpg,images/real/art/art_039_izfOdN-3zw0.jpg,false,,art
real_art_art_57_graffiti_street_art_on_brick_wall.jpg,images/real/art/art_57_graffiti_street_art_on_brick_wall.jpg,false,,art
real_art_art_084_JPFWudeuc54.jpg,images/real/art/art_084_JPFWudeuc54.jpg,false,,art
real_art_art_133_h1jyIBttST0.jpg,images/real/art/art_133_h1jyIBttST0.jpg,false,,art
real_art_art_038_UwKXPb7N9UY.jpg,images/real/art/art_038_UwKXPb7N9UY.jpg,false,,art
real_art_art_054_Erf1Kz7ZE5Y.jpg,images/real/art/art_054_Erf1Kz7ZE5Y.jpg,false,,art
real_art_art_078_RYtFleIk_4U.jpg,images/real/art/art_078_RYtFleIk_4U.jpg,false,,art
real_art_art_75_oil_painting_landscape_with_trees.jpg,images/real/art/art_75_oil_painting_landscape_with_trees.jpg,false,,art
real_art_art_041_4POG9GQo7Aw.jpg,images/real/art/art_041_4POG9GQo7Aw.jpg,false,,art
real_art_art_162_jrDzerLmfW0.jpg,images/real/art/art_162_jrDzerLmfW0.jpg,false,,art
real_art_art_167_Jpjj_v1-5OM.jpg,images/real/art/art_167_Jpjj_v1-5OM.jpg,false,,art
real_art_art_102_rXtXA42Lgzs.jpg,images/real/art/art_102_rXtXA42Lgzs.jpg,false,,art
real_art_art_140_Rq74Wkhffok.jpg,images/real/art/art_140_Rq74Wkhffok.jpg,false,,art
real_art_art_086_OTP0nlljatI.jpg,images/real/art/art_086_OTP0nlljatI.jpg,false,,art
real_art_art_036_KQBsTXCvGwM.jpg,images/real/art/art_036_KQBsTXCvGwM.jpg,false,,art
real_art_art_76_handwritten_calligraphy_on_white_paper.jpg,images/real/art/art_76_handwritten_calligraphy_on_white_paper.jpg,false,,art
real_art_art_072_F2olcCyRQBw.jpg,images/real/art/art_072_F2olcCyRQBw.jpg,false,,art
real_art_art_067_LOvJ2ECcUJY.jpg,images/real/art/art_067_LOvJ2ECcUJY.jpg,false,,art
real_art_art_052_OpqAtrUNJeI.jpg,images/real/art/art_052_OpqAtrUNJeI.jpg,false,,art
real_art_art_044_hptNUC-iitA.jpg,images/real/art/art_044_hptNUC-iitA.jpg,false,,art
real_art_art_151_tuU1puvTmWw.jpg,images/real/art/art_151_tuU1puvTmWw.jpg,false,,art
real_art_art_103_cLRvJPVw69U.jpg,images/real/art/art_103_cLRvJPVw69U.jpg,false,,art
real_art_art_065_akbHiqZy4Pg.jpg,images/real/art/art_065_akbHiqZy4Pg.jpg,false,,art
real_art_art_148_-bA6TkrToiY.jpg,images/real/art/art_148_-bA6TkrToiY.jpg,false,,art
real_art_art_77_street_art_portrait_on_concrete_wall.jpg,images/real/art/art_77_street_art_portrait_on_concrete_wall.jpg,false,,art
real_art_art_131_bPqJ9ssfjqs.jpg,images/real/art/art_131_bPqJ9ssfjqs.jpg,false,,art
real_art_art_55_art_museum_gallery_room_with_framed_paintings.jpg,images/real/art/art_55_art_museum_gallery_room_with_framed_paintings.jpg,false,,art
real_art_art_110_hY3KGFVG-i0.jpg,images/real/art/art_110_hY3KGFVG-i0.jpg,false,,art
real_art_art_156_u2RlwQc1qiQ.jpg,images/real/art/art_156_u2RlwQc1qiQ.jpg,false,,art
real_art_art_075_ff0HoIx3PzU.jpg,images/real/art/art_075_ff0HoIx3PzU.jpg,false,,art
real_art_art_143_TzAydhJ4QzE.jpg,images/real/art/art_143_TzAydhJ4QzE.jpg,false,,art
real_art_art_077_IExOV9fFQBM.jpg,images/real/art/art_077_IExOV9fFQBM.jpg,false,,art
real_art_art_155_KWpm9MmEo2s.jpg,images/real/art/art_155_KWpm9MmEo2s.jpg,false,,art
real_art_art_063_heeEKtHAYEg.jpg,images/real/art/art_063_heeEKtHAYEg.jpg,false,,art
real_art_art_115_iMdsjoiftZo.jpg,images/real/art/art_115_iMdsjoiftZo.jpg,false,,art
real_portrait_portrait_76_a_group_of_people_standing_around_a_white_cake.jpg,images/real/portrait/portrait_76_a_group_of_people_standing_around_a_white_cake.jpg,false,,portrait
real_portrait_portrait_55_a_woman_holding_a_smart_phone_next_to_a_group_of_people.jpg,images/real/portrait/portrait_55_a_woman_holding_a_smart_phone_next_to_a_group_of_people.jpg,false,,portrait
real_portrait_portrait_118_iJGhIMWKz7w.jpg,images/real/portrait/portrait_118_iJGhIMWKz7w.jpg,false,,portrait
real_portrait_portrait_094_7A5eK3q9qUA.jpg,images/real/portrait/portrait_094_7A5eK3q9qUA.jpg,false,,portrait
real_portrait_portrait_62_a_group_of_men_standing_and_sitting_next_to_each_other.jpg,images/real/portrait/portrait_62_a_group_of_men_standing_and_sitting_next_to_each_other.jpg,false,,portrait
real_portrait_portrait_51_a_woman_is_helping_a_child_put_on_skis.jpg,images/real/portrait/portrait_51_a_woman_is_helping_a_child_put_on_skis.jpg,false,,portrait
real_portrait_portrait_065_6lWqkLIh5L8.jpg,images/real/portrait/portrait_065_6lWqkLIh5L8.jpg,false,,portrait
real_portrait_portrait_039_ZW3dnRiZD9U.jpg,images/real/portrait/portrait_039_ZW3dnRiZD9U.jpg,false,,portrait
real_portrait_portrait_135_BZzHWmQUszE.jpg,images/real/portrait/portrait_135_BZzHWmQUszE.jpg,false,,portrait
real_portrait_portrait_83_a_tennis_player_who_has_just_made_a_shot.jpg,images/real/portrait/portrait_83_a_tennis_player_who_has_just_made_a_shot.jpg,false,,portrait
real_portrait_portrait_57_a_young_man_and_woman_holding_their_heads_close_to_each_othe.jpg,images/real/portrait/portrait_57_a_young_man_and_woman_holding_their_heads_close_to_each_othe.jpg,false,,portrait
real_portrait_portrait_67_there_are_many_bike_riders_racing_in_a_street_race.jpg,images/real/portrait/portrait_67_there_are_many_bike_riders_racing_in_a_street_race.jpg,false,,portrait
real_portrait_portrait_058_dWiK1hrTl14.jpg,images/real/portrait/portrait_058_dWiK1hrTl14.jpg,false,,portrait
real_portrait_portrait_086_kpR9Mwgkj8c.jpg,images/real/portrait/portrait_086_kpR9Mwgkj8c.jpg,false,,portrait
real_portrait_portrait_075_VQRm94PV_20.jpg,images/real/portrait/portrait_075_VQRm94PV_20.jpg,false,,portrait
real_portrait_portrait_151_LlHgaeBwYVE.jpg,images/real/portrait/portrait_151_LlHgaeBwYVE.jpg,false,,portrait
real_portrait_portrait_077_IIWiU1QXmWY.jpg,images/real/portrait/portrait_077_IIWiU1QXmWY.jpg,false,,portrait
real_portrait_portrait_100_2FM9g-vAkJg.jpg,images/real/portrait/portrait_100_2FM9g-vAkJg.jpg,false,,portrait
real_portrait_portrait_098_wX7NeTEXq_w.jpg,images/real/portrait/portrait_098_wX7NeTEXq_w.jpg,false,,portrait
real_portrait_portrait_071__lP2UOoZJKk.jpg,images/real/portrait/portrait_071__lP2UOoZJKk.jpg,false,,portrait
real_portrait_portrait_81_two_men_next_to_each_other_holding_wine_glasses.jpg,images/real/portrait/portrait_81_two_men_next_to_each_other_holding_wine_glasses.jpg,false,,portrait
real_portrait_portrait_114_VcWRNg2ju7Y.jpg,images/real/portrait/portrait_114_VcWRNg2ju7Y.jpg,false,,portrait
real_portrait_portrait_65_three_women_sitting_on_a_train_seat_on_cellphones.jpg,images/real/portrait/portrait_65_three_women_sitting_on_a_train_seat_on_cellphones.jpg,false,,portrait
real_portrait_portrait_054_cFgCc3PM-A0.jpg,images/real/portrait/portrait_054_cFgCc3PM-A0.jpg,false,,portrait
real_portrait_portrait_067_ua9Im1zPoGM.jpg,images/real/portrait/portrait_067_ua9Im1zPoGM.jpg,false,,portrait
real_portrait_portrait_63_a_man_sitting_at_a_table_eating_food_from_a_plate.jpg,images/real/portrait/portrait_63_a_man_sitting_at_a_table_eating_food_from_a_plate.jpg,false,,portrait
real_portrait_portrait_119_lAAmMH2c2gU.jpg,images/real/portrait/portrait_119_lAAmMH2c2gU.jpg,false,,portrait
real_portrait_portrait_72_a_man_swinging_a_tennis_racket_at_a_tennis_ball.jpg,images/real/portrait/portrait_72_a_man_swinging_a_tennis_racket_at_a_tennis_ball.jpg,false,,portrait
real_portrait_portrait_77_three_men_smiling_holding_a_wii_controller_in_their_hands.jpg,images/real/portrait/portrait_77_three_men_smiling_holding_a_wii_controller_in_their_hands.jpg,false,,portrait
real_portrait_portrait_70_two_sets_of_hands_are_each_holding_a_cell_phone_while_anothe.jpg,images/real/portrait/portrait_70_two_sets_of_hands_are_each_holding_a_cell_phone_while_anothe.jpg,false,,portrait
real_portrait_portrait_168_ht1JkZ7tYmY.jpg,images/real/portrait/portrait_168_ht1JkZ7tYmY.jpg,false,,portrait
real_portrait_portrait_58_woman_listening_on_her_phone_while_smoking_a_cigarette.jpg,images/real/portrait/portrait_58_woman_listening_on_her_phone_while_smoking_a_cigarette.jpg,false,,portrait
real_portrait_portrait_137_O5BSKKHYiEU.jpg,images/real/portrait/portrait_137_O5BSKKHYiEU.jpg,false,,portrait
real_portrait_portrait_59_a_woman_taking_a_selfie_with_a_mobile_phone.jpg,images/real/portrait/portrait_59_a_woman_taking_a_selfie_with_a_mobile_phone.jpg,false,,portrait
real_portrait_portrait_060_wyCDQSzN8XE.jpg,images/real/portrait/portrait_060_wyCDQSzN8XE.jpg,false,,portrait
real_portrait_portrait_081_2EmLMaTshko.jpg,images/real/portrait/portrait_081_2EmLMaTshko.jpg,false,,portrait
real_portrait_portrait_059_pFbJuxSwuhI.jpg,images/real/portrait/portrait_059_pFbJuxSwuhI.jpg,false,,portrait
real_portrait_portrait_048_8sbwihARadA.jpg,images/real/portrait/portrait_048_8sbwihARadA.jpg,false,,portrait
real_portrait_portrait_167_guDkXldTxy8.jpg,images/real/portrait/portrait_167_guDkXldTxy8.jpg,false,,portrait
real_portrait_portrait_095_E38Gb_nVPck.jpg,images/real/portrait/portrait_095_E38Gb_nVPck.jpg,false,,portrait
real_portrait_portrait_043_aDvDvH428RQ.jpg,images/real/portrait/portrait_043_aDvDvH428RQ.jpg,false,,portrait
real_portrait_portrait_133_iiQ-mmG2NxI.jpg,images/real/portrait/portrait_133_iiQ-mmG2NxI.jpg,false,,portrait
real_portrait_portrait_128_nE6EPBrM-EA.jpg,images/real/portrait/portrait_128_nE6EPBrM-EA.jpg,false,,portrait
real_portrait_portrait_050_eoAubhPm6H8.jpg,images/real/portrait/portrait_050_eoAubhPm6H8.jpg,false,,portrait
real_portrait_portrait_134_UY52j2uUvdU.jpg,images/real/portrait/portrait_134_UY52j2uUvdU.jpg,false,,portrait
real_portrait_portrait_104_eq9FtP7XwJI.jpg,images/real/portrait/portrait_104_eq9FtP7XwJI.jpg,false,,portrait
real_portrait_portrait_092_uTad53fcxss.jpg,images/real/portrait/portrait_092_uTad53fcxss.jpg,false,,portrait
real_portrait_portrait_062_ILz31HBGEak.jpg,images/real/portrait/portrait_062_ILz31HBGEak.jpg,false,,portrait
real_portrait_portrait_085_qV16cq3T420.jpg,images/real/portrait/portrait_085_qV16cq3T420.jpg,false,,portrait
real_portrait_portrait_170_cQPUosG9dQE.jpg,images/real/portrait/portrait_170_cQPUosG9dQE.jpg,false,,portrait
real_portrait_portrait_147_RYNTlcn0e3k.jpg,images/real/portrait/portrait_147_RYNTlcn0e3k.jpg,false,,portrait
real_portrait_portrait_103_TsvawNBQ7k0.jpg,images/real/portrait/portrait_103_TsvawNBQ7k0.jpg,false,,portrait
real_portrait_portrait_047_kN_F83xqdiM.jpg,images/real/portrait/portrait_047_kN_F83xqdiM.jpg,false,,portrait
real_portrait_portrait_105_Knvzw8_L_80.jpg,images/real/portrait/portrait_105_Knvzw8_L_80.jpg,false,,portrait
real_portrait_portrait_101_WXp2BT0AgnE.jpg,images/real/portrait/portrait_101_WXp2BT0AgnE.jpg,false,,portrait
real_portrait_portrait_153_k_NkqIaRhro.jpg,images/real/portrait/portrait_153_k_NkqIaRhro.jpg,false,,portrait
real_portrait_portrait_71_a_woman_brushes_her_teeth_with_foamy_toothpaste.jpg,images/real/portrait/portrait_71_a_woman_brushes_her_teeth_with_foamy_toothpaste.jpg,false,,portrait
real_portrait_portrait_142_mJaDIZr6eMY.jpg,images/real/portrait/portrait_142_mJaDIZr6eMY.jpg,false,,portrait
real_portrait_portrait_083_LN8t4ZAGZFQ.jpg,images/real/portrait/portrait_083_LN8t4ZAGZFQ.jpg,false,,portrait
real_portrait_portrait_115_82NWNb5AGWc.jpg,images/real/portrait/portrait_115_82NWNb5AGWc.jpg,false,,portrait
real_portrait_portrait_64_a_woman_smiles_from_behind_the_book_she_has_been_reading.jpg,images/real/portrait/portrait_64_a_woman_smiles_from_behind_the_book_she_has_been_reading.jpg,false,,portrait
real_portrait_portrait_102_QGMWr63tKoo.jpg,images/real/portrait/portrait_102_QGMWr63tKoo.jpg,false,,portrait
real_portrait_portrait_037_M34IAftLLsY.jpg,images/real/portrait/portrait_037_M34IAftLLsY.jpg,false,,portrait
real_portrait_portrait_79_a_copse_of_men_sitting_next_to_each_other_at_a_table.jpg,images/real/portrait/portrait_79_a_copse_of_men_sitting_next_to_each_other_at_a_table.jpg,false,,portrait
real_portrait_portrait_068_g_eJl04NKEY.jpg,images/real/portrait/portrait_068_g_eJl04NKEY.jpg,false,,portrait
real_portrait_portrait_53_two_men_wearing_suits_and_hats_are_walking_together.jpg,images/real/portrait/portrait_53_two_men_wearing_suits_and_hats_are_walking_together.jpg,false,,portrait
real_portrait_portrait_055_ycF8akmJ_RU.jpg,images/real/portrait/portrait_055_ycF8akmJ_RU.jpg,false,,portrait
real_portrait_portrait_129_jqsprpPrn9w.jpg,images/real/portrait/portrait_129_jqsprpPrn9w.jpg,false,,portrait
real_portrait_portrait_138_NOcaza8sIBg.jpg,images/real/portrait/portrait_138_NOcaza8sIBg.jpg,false,,portrait
real_portrait_portrait_78_a_woman_holding_a_plate_of_cake_covered_in_frosting.jpg,images/real/portrait/portrait_78_a_woman_holding_a_plate_of_cake_covered_in_frosting.jpg,false,,portrait
real_portrait_portrait_130_4wIY3oykWMo.jpg,images/real/portrait/portrait_130_4wIY3oykWMo.jpg,false,,portrait
real_portrait_portrait_099_dKH-4ml-5I4.jpg,images/real/portrait/portrait_099_dKH-4ml-5I4.jpg,false,,portrait
real_portrait_portrait_093_8gRw4V0_XJA.jpg,images/real/portrait/portrait_093_8gRw4V0_XJA.jpg,false,,portrait
real_portrait_portrait_109_IOkL3ZqAapM.jpg,images/real/portrait/portrait_109_IOkL3ZqAapM.jpg,false,,portrait
real_portrait_portrait_74_a_person_helping_a_woman_put_on_a_tie.jpg,images/real/portrait/portrait_74_a_person_helping_a_woman_put_on_a_tie.jpg,false,,portrait
real_portrait_portrait_121_hQBQ1ATvH10.jpg,images/real/portrait/portrait_121_hQBQ1ATvH10.jpg,false,,portrait
real_portrait_portrait_076_6fc0hcXapYU.jpg,images/real/portrait/portrait_076_6fc0hcXapYU.jpg,false,,portrait
real_portrait_portrait_155_3kWZ-gVZAG0.jpg,images/real/portrait/portrait_155_3kWZ-gVZAG0.jpg,false,,portrait
real_portrait_portrait_140_83BjY5qcPKg.jpg,images/real/portrait/portrait_140_83BjY5qcPKg.jpg,false,,portrait
real_portrait_portrait_087_gENx9JQeQWs.jpg,images/real/portrait/portrait_087_gENx9JQeQWs.jpg,false,,portrait
real_portrait_portrait_084_7BDP97v-tT8.jpg,images/real/portrait/portrait_084_7BDP97v-tT8.jpg,false,,portrait
real_portrait_portrait_040_kl22CsySpcw.jpg,images/real/portrait/portrait_040_kl22CsySpcw.jpg,false,,portrait
real_portrait_portrait_161_Tay3IMQpKHA.jpg,images/real/portrait/portrait_161_Tay3IMQpKHA.jpg,false,,portrait
real_portrait_portrait_045_3F6Jo667E4w.jpg,images/real/portrait/portrait_045_3F6Jo667E4w.jpg,false,,portrait
real_portrait_portrait_116_L4CAMVlnRlg.jpg,images/real/portrait/portrait_116_L4CAMVlnRlg.jpg,false,,portrait
real_portrait_portrait_072_VlOrWGCFl_w.jpg,images/real/portrait/portrait_072_VlOrWGCFl_w.jpg,false,,portrait
real_portrait_portrait_044_NljdMbT3s30.jpg,images/real/portrait/portrait_044_NljdMbT3s30.jpg,false,,portrait
real_portrait_portrait_122_LpIy3YxbDA4.jpg,images/real/portrait/portrait_122_LpIy3YxbDA4.jpg,false,,portrait
real_portrait_portrait_156_HC2t702jdGo.jpg,images/real/portrait/portrait_156_HC2t702jdGo.jpg,false,,portrait
real_portrait_portrait_69_a_crowd_of_people_standing_around_each_other.jpg,images/real/portrait/portrait_69_a_crowd_of_people_standing_around_each_other.jpg,false,,portrait
real_portrait_portrait_73_a_baseball_player_talks_with_an_umpire.jpg,images/real/portrait/portrait_73_a_baseball_player_talks_with_an_umpire.jpg,false,,portrait
real_portrait_portrait_096_Rur5fFIrWNY.jpg,images/real/portrait/portrait_096_Rur5fFIrWNY.jpg,false,,portrait
real_portrait_portrait_61_a_clown_talking_on_a_phone_next_to_a_building.jpg,images/real/portrait/portrait_61_a_clown_talking_on_a_phone_next_to_a_building.jpg,false,,portrait
real_portrait_portrait_090_UNJ3hCbuHXA.jpg,images/real/portrait/portrait_090_UNJ3hCbuHXA.jpg,false,,portrait
real_portrait_portrait_148_ofgYwK8j_cQ.jpg,images/real/portrait/portrait_148_ofgYwK8j_cQ.jpg,false,,portrait
real_portrait_portrait_113_J_I5FfqShJw.jpg,images/real/portrait/portrait_113_J_I5FfqShJw.jpg,false,,portrait
real_portrait_portrait_152_P7ASbD-vHW8.jpg,images/real/portrait/portrait_152_P7ASbD-vHW8.jpg,false,,portrait
real_portrait_portrait_56_a_woman_holding_her_cell_phone_tucked_in_a_wool_cover.jpg,images/real/portrait/portrait_56_a_woman_holding_her_cell_phone_tucked_in_a_wool_cover.jpg,false,,portrait
real_portrait_portrait_107_W80TTxhRRU4.jpg,images/real/portrait/portrait_107_W80TTxhRRU4.jpg,false,,portrait
real_portrait_portrait_073_yAsJE9nFiFw.jpg,images/real/portrait/portrait_073_yAsJE9nFiFw.jpg,false,,portrait
real_portrait_portrait_091_xX9r2xULy7s.jpg,images/real/portrait/portrait_091_xX9r2xULy7s.jpg,false,,portrait
real_portrait_portrait_082_QwsCqHTim98.jpg,images/real/portrait/portrait_082_QwsCqHTim98.jpg,false,,portrait
real_portrait_portrait_132_shb8l1o-0Zk.jpg,images/real/portrait/portrait_132_shb8l1o-0Zk.jpg,false,,portrait
real_portrait_portrait_078_cT4-8tBBJDA.jpg,images/real/portrait/portrait_078_cT4-8tBBJDA.jpg,false,,portrait
real_portrait_portrait_160_PEgf72cgr-w.jpg,images/real/portrait/portrait_160_PEgf72cgr-w.jpg,false,,portrait
real_portrait_portrait_038_62Ims7pw_X8.jpg,images/real/portrait/portrait_038_62Ims7pw_X8.jpg,false,,portrait
real_portrait_portrait_75_a_man_wearing_a_suit_and_tie_and_red_hat_with_a_silver_buckl.jpg,images/real/portrait/portrait_75_a_man_wearing_a_suit_and_tie_and_red_hat_with_a_silver_buckl.jpg,false,,portrait
real_portrait_portrait_051_63KDwZUZQw8.jpg,images/real/portrait/portrait_051_63KDwZUZQw8.jpg,false,,portrait
real_portrait_portrait_82_a_man_wearing_a_tie_jacket_and_white_shirt.jpg,images/real/portrait/portrait_82_a_man_wearing_a_tie_jacket_and_white_shirt.jpg,false,,portrait
real_portrait_portrait_52_three_students_check_their_cell_phones_in_a_classroom.jpg,images/real/portrait/portrait_52_three_students_check_their_cell_phones_in_a_classroom.jpg,false,,portrait
real_portrait_portrait_063_Qm4yrKLiawY.jpg,images/real/portrait/portrait_063_Qm4yrKLiawY.jpg,false,,portrait
real_portrait_portrait_84_three_young_men_playing_wii_on_a_projection_television.jpg,images/real/portrait/portrait_84_three_young_men_playing_wii_on_a_projection_television.jpg,false,,portrait
real_portrait_portrait_159_o47Lif2bfqI.jpg,images/real/portrait/portrait_159_o47Lif2bfqI.jpg,false,,portrait
real_portrait_portrait_041_vCZFKRZes_0.jpg,images/real/portrait/portrait_041_vCZFKRZes_0.jpg,false,,portrait
real_portrait_portrait_064_KrLXXQSojYs.jpg,images/real/portrait/portrait_064_KrLXXQSojYs.jpg,false,,portrait
real_portrait_portrait_112_OxPuMO3zQ9s.jpg,images/real/portrait/portrait_112_OxPuMO3zQ9s.jpg,false,,portrait
real_portrait_portrait_145_DQ9dW9v65Fc.jpg,images/real/portrait/portrait_145_DQ9dW9v65Fc.jpg,false,,portrait
real_portrait_portrait_117_4XrEyN5sXhA.jpg,images/real/portrait/portrait_117_4XrEyN5sXhA.jpg,false,,portrait
real_portrait_portrait_070_kNZd7qT8ASY.jpg,images/real/portrait/portrait_070_kNZd7qT8ASY.jpg,false,,portrait
real_portrait_portrait_146_I03ZQjTt4WI.jpg,images/real/portrait/portrait_146_I03ZQjTt4WI.jpg,false,,portrait
real_portrait_portrait_163_6qRpAg4pPEU.jpg,images/real/portrait/portrait_163_6qRpAg4pPEU.jpg,false,,portrait
real_portrait_portrait_80_two_men_smiling_and_taking_a_picture_together.jpg,images/real/portrait/portrait_80_two_men_smiling_and_taking_a_picture_together.jpg,false,,portrait
real_portrait_portrait_150_itdkHUjTuIY.jpg,images/real/portrait/portrait_150_itdkHUjTuIY.jpg,false,,portrait
real_portrait_portrait_046_k1QqUSvRObc.jpg,images/real/portrait/portrait_046_k1QqUSvRObc.jpg,false,,portrait
real_portrait_portrait_056_JxbqicKm-ko.jpg,images/real/portrait/portrait_056_JxbqicKm-ko.jpg,false,,portrait
real_portrait_portrait_042_2xf2beBy7Wo.jpg,images/real/portrait/portrait_042_2xf2beBy7Wo.jpg,false,,portrait
real_portrait_portrait_126_jxltRrbjtdI.jpg,images/real/portrait/portrait_126_jxltRrbjtdI.jpg,false,,portrait
real_portrait_portrait_061_IppB3SB9f6s.jpg,images/real/portrait/portrait_061_IppB3SB9f6s.jpg,false,,portrait
real_portrait_portrait_68_a_photo_of_a_young_male_in_a_suit_jacket_and_tie.jpg,images/real/portrait/portrait_68_a_photo_of_a_young_male_in_a_suit_jacket_and_tie.jpg,false,,portrait
real_portrait_portrait_124_Hd2T6EzW_2Q.jpg,images/real/portrait/portrait_124_Hd2T6EzW_2Q.jpg,false,,portrait
real_portrait_portrait_50_a_man_wearing_a_top_hat_and_a_red_tie.jpg,images/real/portrait/portrait_50_a_man_wearing_a_top_hat_and_a_red_tie.jpg,false,,portrait
real_portrait_portrait_057_ZbvHaiUwVfo.jpg,images/real/portrait/portrait_057_ZbvHaiUwVfo.jpg,false,,portrait
real_portrait_portrait_079_fGfUJnZD3Mw.jpg,images/real/portrait/portrait_079_fGfUJnZD3Mw.jpg,false,,portrait
real_portrait_portrait_127_ZhJsD9T_20Q.jpg,images/real/portrait/portrait_127_ZhJsD9T_20Q.jpg,false,,portrait
real_portrait_portrait_136_SwcnAmIRZYc.jpg,images/real/portrait/portrait_136_SwcnAmIRZYc.jpg,false,,portrait
real_portrait_portrait_110_9iAIfjrSFYw.jpg,images/real/portrait/portrait_110_9iAIfjrSFYw.jpg,false,,portrait
real_portrait_portrait_139_5Uvy1WMaUHw.jpg,images/real/portrait/portrait_139_5Uvy1WMaUHw.jpg,false,,portrait
real_portrait_portrait_097_JibO_kC6vh4.jpg,images/real/portrait/portrait_097_JibO_kC6vh4.jpg,false,,portrait
real_portrait_portrait_157_jG4xhAmz-uQ.jpg,images/real/portrait/portrait_157_jG4xhAmz-uQ.jpg,false,,portrait
real_portrait_portrait_141_l7PnmcqTj5Q.jpg,images/real/portrait/portrait_141_l7PnmcqTj5Q.jpg,false,,portrait
real_portrait_portrait_125_Oz7_usBqwuY.jpg,images/real/portrait/portrait_125_Oz7_usBqwuY.jpg,false,,portrait
real_portrait_portrait_143_peP3zrquunA.jpg,images/real/portrait/portrait_143_peP3zrquunA.jpg,false,,portrait
real_portrait_portrait_165_rEKKAV83i-8.jpg,images/real/portrait/portrait_165_rEKKAV83i-8.jpg,false,,portrait
real_portrait_portrait_069_Q7p9V_xHe08.jpg,images/real/portrait/portrait_069_Q7p9V_xHe08.jpg,false,,portrait
real_portrait_portrait_144_WUhpW32kBek.jpg,images/real/portrait/portrait_144_WUhpW32kBek.jpg,false,,portrait
real_portrait_portrait_089_dgGWnapezLs.jpg,images/real/portrait/portrait_089_dgGWnapezLs.jpg,false,,portrait
real_portrait_portrait_074_P_pjzMeIbj8.jpg,images/real/portrait/portrait_074_P_pjzMeIbj8.jpg,false,,portrait
real_portrait_portrait_036_IHJtKBe9xNs.jpg,images/real/portrait/portrait_036_IHJtKBe9xNs.jpg,false,,portrait
real_portrait_portrait_049_-lb-Wob1TeQ.jpg,images/real/portrait/portrait_049_-lb-Wob1TeQ.jpg,false,,portrait
real_portrait_portrait_66_a_woman_holding_a_child_wrapped_in_a_towel_brushing_her_teet.jpg,images/real/portrait/portrait_66_a_woman_holding_a_child_wrapped_in_a_towel_brushing_her_teet.jpg,false,,portrait
real_portrait_portrait_54_the_young_boy_just_finished_eating_the_banana.jpg,images/real/portrait/portrait_54_the_young_boy_just_finished_eating_the_banana.jpg,false,,portrait
real_portrait_portrait_60_there_are_people_playing_a_soccer_game_on_the_field.jpg,images/real/portrait/portrait_60_there_are_people_playing_a_soccer_game_on_the_field.jpg,false,,portrait
real_portrait_portrait_166_w-pEeDGN1w0.jpg,images/real/portrait/portrait_166_w-pEeDGN1w0.jpg,false,,portrait
real_portrait_portrait_123_o1iV6Di2FX0.jpg,images/real/portrait/portrait_123_o1iV6Di2FX0.jpg,false,,portrait
real_portrait_portrait_162_1kJy_HK3eGI.jpg,images/real/portrait/portrait_162_1kJy_HK3eGI.jpg,false,,portrait
real_portrait_portrait_108_xz-qq9KNgwk.jpg,images/real/portrait/portrait_108_xz-qq9KNgwk.jpg,false,,portrait
real_portrait_portrait_149_qj1vIzXOtYo.jpg,images/real/portrait/portrait_149_qj1vIzXOtYo.jpg,false,,portrait
real_portrait_portrait_164_qk6CnpKNmVw.jpg,images/real/portrait/portrait_164_qk6CnpKNmVw.jpg,false,,portrait
real_portrait_portrait_131_rcXU8Tezb_k.jpg,images/real/portrait/portrait_131_rcXU8Tezb_k.jpg,false,,portrait
real_portrait_portrait_053_oKA8kDSZpCc.jpg,images/real/portrait/portrait_053_oKA8kDSZpCc.jpg,false,,portrait
real_portrait_portrait_066_bSNJ6R5Qrt4.jpg,images/real/portrait/portrait_066_bSNJ6R5Qrt4.jpg,false,,portrait
real_portrait_portrait_120_WSxluGgdlFQ.jpg,images/real/portrait/portrait_120_WSxluGgdlFQ.jpg,false,,portrait
real_portrait_portrait_169_-7JAEi4PhTU.jpg,images/real/portrait/portrait_169_-7JAEi4PhTU.jpg,false,,portrait
real_portrait_portrait_158_8kDx62gZRzk.jpg,images/real/portrait/portrait_158_8kDx62gZRzk.jpg,false,,portrait
real_portrait_portrait_052_FvrjfNKpITc.jpg,images/real/portrait/portrait_052_FvrjfNKpITc.jpg,false,,portrait
real_portrait_portrait_088_iMYRUK-oadw.jpg,images/real/portrait/portrait_088_iMYRUK-oadw.jpg,false,,portrait
real_portrait_portrait_154_fXik2Do-bB4.jpg,images/real/portrait/portrait_154_fXik2Do-bB4.jpg,false,,portrait
real_portrait_portrait_080_uOnxXwB3KNE.jpg,images/real/portrait/portrait_080_uOnxXwB3KNE.jpg,false,,portrait
real_portrait_portrait_106_ZzNLsAPymuI.jpg,images/real/portrait/portrait_106_ZzNLsAPymuI.jpg,false,,portrait
real_portrait_portrait_111_tEQV_wnx3U8.jpg,images/real/portrait/portrait_111_tEQV_wnx3U8.jpg,false,,portrait
real_product_product_161_paw_7bdZ8Xg.jpg,images/real/product/product_161_paw_7bdZ8Xg.jpg,false,,product
real_product_product_118_0ON2rLuvo5c.jpg,images/real/product/product_118_0ON2rLuvo5c.jpg,false,,product
real_product_product_035_s9TJ2ncyLcQ.jpg,images/real/product/product_035_s9TJ2ncyLcQ.jpg,false,,product
real_product_product_162_iCW61HY_vjg.jpg,images/real/product/product_162_iCW61HY_vjg.jpg,false,,product
real_product_product_039_AaRflAurGmg.jpg,images/real/product/product_039_AaRflAurGmg.jpg,false,,product
real_product_product_140_xRyL63AwZFE.jpg,images/real/product/product_140_xRyL63AwZFE.jpg,false,,product
real_product_product_067_IWOOT4ChLjM.jpg,images/real/product/product_067_IWOOT4ChLjM.jpg,false,,product
real_product_product_066_-jXsYZeA7tQ.jpg,images/real/product/product_066_-jXsYZeA7tQ.jpg,false,,product
real_product_product_70_a_young_woman_sitting_cross_legged_on_an_apartment_sofa.jpg,images/real/product/product_70_a_young_woman_sitting_cross_legged_on_an_apartment_sofa.jpg,false,,product
real_product_product_115_a0dGKKDQUQ8.jpg,images/real/product/product_115_a0dGKKDQUQ8.jpg,false,,product
real_product_product_130_BDFWZ3fLxrg.jpg,images/real/product/product_130_BDFWZ3fLxrg.jpg,false,,product
real_product_product_094_oZzoDW61aoM.jpg,images/real/product/product_094_oZzoDW61aoM.jpg,false,,product
real_product_product_077_oyr64kMIz98.jpg,images/real/product/product_077_oyr64kMIz98.jpg,false,,product
real_product_product_50_a_living_room_filled_with_furniture_and_decor.jpg,images/real/product/product_50_a_living_room_filled_with_furniture_and_decor.jpg,false,,product
real_product_product_168_qsYM_gFgliw.jpg,images/real/product/product_168_qsYM_gFgliw.jpg,false,,product
real_product_product_125_Re8T5DwoMic.jpg,images/real/product/product_125_Re8T5DwoMic.jpg,false,,product
real_product_product_166_P_fMqU34A3I.jpg,images/real/product/product_166_P_fMqU34A3I.jpg,false,,product
real_product_product_046_G59UIKfHz6o.jpg,images/real/product/product_046_G59UIKfHz6o.jpg,false,,product
real_product_product_139_5JuLcub3dYg.jpg,images/real/product/product_139_5JuLcub3dYg.jpg,false,,product
real_product_product_058_fX8leXj8Q4o.jpg,images/real/product/product_058_fX8leXj8Q4o.jpg,false,,product
real_product_product_087__vAuxGCAfjQ.jpg,images/real/product/product_087__vAuxGCAfjQ.jpg,false,,product
real_product_product_078_1UFTd1eRamE.jpg,images/real/product/product_078_1UFTd1eRamE.jpg,false,,product
real_product_product_80_kitchen_area_with_counter_top_space_and_dining_room_table.jpg,images/real/product/product_80_kitchen_area_with_counter_top_space_and_dining_room_table.jpg,false,,product
real_product_product_81_a_pizza_sitting_on_top_of_a_plate_next_to_a_foil_bag_of_food.jpg,images/real/product/product_81_a_pizza_sitting_on_top_of_a_plate_next_to_a_foil_bag_of_food.jpg,false,,product
real_product_product_60_three_laptop_computers_and_a_desktop_computer_sit_next_to_ea.jpg,images/real/product/product_60_three_laptop_computers_and_a_desktop_computer_sit_next_to_ea.jpg,false,,product
real_product_product_042_NydHbLFLoS8.jpg,images/real/product/product_042_NydHbLFLoS8.jpg,false,,product
real_product_product_050_udHDq62Dgpc.jpg,images/real/product/product_050_udHDq62Dgpc.jpg,false,,product
real_product_product_145_F7FhTijeOG8.jpg,images/real/product/product_145_F7FhTijeOG8.jpg,false,,product
real_product_product_137_OmfMncXSshw.jpg,images/real/product/product_137_OmfMncXSshw.jpg,false,,product
real_product_product_041_iW1l64BMMR0.jpg,images/real/product/product_041_iW1l64BMMR0.jpg,false,,product
real_product_product_103_i4Tv0A_n4EQ.jpg,images/real/product/product_103_i4Tv0A_n4EQ.jpg,false,,product
real_product_product_073_m3MWJTeKGBg.jpg,images/real/product/product_073_m3MWJTeKGBg.jpg,false,,product
real_product_product_036_ww2S2eKgbKE.jpg,images/real/product/product_036_ww2S2eKgbKE.jpg,false,,product
real_product_product_111_utu66oQU6vI.jpg,images/real/product/product_111_utu66oQU6vI.jpg,false,,product
real_product_product_68_a_woman_holding_a_cigarette_smiling_at_the_camera_on_a_sunny.jpg,images/real/product/product_68_a_woman_holding_a_cigarette_smiling_at_the_camera_on_a_sunny.jpg,false,,product
real_product_product_045_00y8k1-0DlA.jpg,images/real/product/product_045_00y8k1-0DlA.jpg,false,,product
real_product_product_63_a_picture_of_a_cluttered_home_office_desk.jpg,images/real/product/product_63_a_picture_of_a_cluttered_home_office_desk.jpg,false,,product
real_product_product_54_young_children_sharing_a_laptop_in_a_messy_room_with_several.jpg,images/real/product/product_54_young_children_sharing_a_laptop_in_a_messy_room_with_several.jpg,false,,product
real_product_product_079_8LotN6HsaT4.jpg,images/real/product/product_079_8LotN6HsaT4.jpg,false,,product
real_product_product_095_UaaqY7j09B8.jpg,images/real/product/product_095_UaaqY7j09B8.jpg,false,,product
real_product_product_71_the_child_smiles_brightly_while_being_handed_a_pink_umbrella.jpg,images/real/product/product_71_the_child_smiles_brightly_while_being_handed_a_pink_umbrella.jpg,false,,product
real_product_product_101_G6ntxf-QoSI.jpg,images/real/product/product_101_G6ntxf-QoSI.jpg,false,,product
real_product_product_66_a_woman_holding_up_a_large_carrot_in_a_backyard.jpg,images/real/product/product_66_a_woman_holding_up_a_large_carrot_in_a_backyard.jpg,false,,product
real_product_product_099_s_IHISlORGo.jpg,images/real/product/product_099_s_IHISlORGo.jpg,false,,product
real_product_product_069_3dVjKoVYgD0.jpg,images/real/product/product_069_3dVjKoVYgD0.jpg,false,,product
real_product_product_061_nRVn-_k1uMI.jpg,images/real/product/product_061_nRVn-_k1uMI.jpg,false,,product
real_product_product_64_a_cat_lying_down_in_a_sink_in_a_bathroom.jpg,images/real/product/product_64_a_cat_lying_down_in_a_sink_in_a_bathroom.jpg,false,,product
real_product_product_049_9ouht2FSTDU.jpg,images/real/product/product_049_9ouht2FSTDU.jpg,false,,product
real_product_product_104_CoNkFbYZzBI.jpg,images/real/product/product_104_CoNkFbYZzBI.jpg,false,,product
real_product_product_144_TE4vKu9w5lI.jpg,images/real/product/product_144_TE4vKu9w5lI.jpg,false,,product
real_product_product_076_MhPJdWYWbWI.jpg,images/real/product/product_076_MhPJdWYWbWI.jpg,false,,product
real_product_product_77_a_motorized_cart_fills_a_train_with_luggage.jpg,images/real/product/product_77_a_motorized_cart_fills_a_train_with_luggage.jpg,false,,product
real_product_product_106_kF8pH4lMkyc.jpg,images/real/product/product_106_kF8pH4lMkyc.jpg,false,,product
real_product_product_068_fUd_0iyYFVg.jpg,images/real/product/product_068_fUd_0iyYFVg.jpg,false,,product
real_product_product_73_a_laptop_in_a_bright_yellow_coffee_house.jpg,images/real/product/product_73_a_laptop_in_a_bright_yellow_coffee_house.jpg,false,,product
real_product_product_127_EIH4dHgb6Tg.jpg,images/real/product/product_127_EIH4dHgb6Tg.jpg,false,,product
real_product_product_149_KBqiQ6coMcI.jpg,images/real/product/product_149_KBqiQ6coMcI.jpg,false,,product
real_product_product_72_a_group_of_people_are_reading_a_menu_at_the_table.jpg,images/real/product/product_72_a_group_of_people_are_reading_a_menu_at_the_table.jpg,false,,product
real_product_product_085_Si69OZ_9tg0.jpg,images/real/product/product_085_Si69OZ_9tg0.jpg,false,,product
real_product_product_083_OAlYImdG1IQ.jpg,images/real/product/product_083_OAlYImdG1IQ.jpg,false,,product
real_product_product_141_92bRtruSyPU.jpg,images/real/product/product_141_92bRtruSyPU.jpg,false,,product
real_product_product_117_vnCxhLnaxS8.jpg,images/real/product/product_117_vnCxhLnaxS8.jpg,false,,product
real_product_product_105_skF1azpN4rk.jpg,images/real/product/product_105_skF1azpN4rk.jpg,false,,product
real_product_product_072_9rWHrdJfZBw.jpg,images/real/product/product_072_9rWHrdJfZBw.jpg,false,,product
real_product_product_132_aJm2XW384QA.jpg,images/real/product/product_132_aJm2XW384QA.jpg,false,,product
real_product_product_057_AZiyMfuAum4.jpg,images/real/product/product_057_AZiyMfuAum4.jpg,false,,product
real_product_product_097_g1MocwsEZhI.jpg,images/real/product/product_097_g1MocwsEZhI.jpg,false,,product
real_product_product_74_two_computers_sitting_on_top_of_a_desk.jpg,images/real/product/product_74_two_computers_sitting_on_top_of_a_desk.jpg,false,,product
real_product_product_043_B8_YF4fjPwo.jpg,images/real/product/product_043_B8_YF4fjPwo.jpg,false,,product
real_product_product_047_BXlSfmhVEzE.jpg,images/real/product/product_047_BXlSfmhVEzE.jpg,false,,product
real_product_product_062_4Q4LpNP-UAs.jpg,images/real/product/product_062_4Q4LpNP-UAs.jpg,false,,product
real_product_product_69_a_desk_with_a_cup_plate_laptop_monitor_and_keyboard.jpg,images/real/product/product_69_a_desk_with_a_cup_plate_laptop_monitor_and_keyboard.jpg,false,,product
real_product_product_133_5GibcyAX20Q.jpg,images/real/product/product_133_5GibcyAX20Q.jpg,false,,product
real_product_product_170_z14hF-2ssM0.jpg,images/real/product/product_170_z14hF-2ssM0.jpg,false,,product
real_product_product_120_63EhFafADqI.jpg,images/real/product/product_120_63EhFafADqI.jpg,false,,product
real_product_product_086_vWR6FDWA5hk.jpg,images/real/product/product_086_vWR6FDWA5hk.jpg,false,,product
real_product_product_100_Pledx042HMI.jpg,images/real/product/product_100_Pledx042HMI.jpg,false,,product
real_product_product_053_AxdlcxaModc.jpg,images/real/product/product_053_AxdlcxaModc.jpg,false,,product
real_product_product_110_9yY6qj6N4Ek.jpg,images/real/product/product_110_9yY6qj6N4Ek.jpg,false,,product
real_product_product_138_gR8QukPoAvQ.jpg,images/real/product/product_138_gR8QukPoAvQ.jpg,false,,product
real_product_product_090_xepikEyPgmI.jpg,images/real/product/product_090_xepikEyPgmI.jpg,false,,product
real_product_product_165_b2_pVdk4lGI.jpg,images/real/product/product_165_b2_pVdk4lGI.jpg,false,,product
real_product_product_136_TH4Ug5gGgD8.jpg,images/real/product/product_136_TH4Ug5gGgD8.jpg,false,,product
real_product_product_096_1CQjStL89kQ.jpg,images/real/product/product_096_1CQjStL89kQ.jpg,false,,product
real_product_product_52_a_room_with_a_desktop_computer_and_a_picture_of_a_mummy.jpg,images/real/product/product_52_a_room_with_a_desktop_computer_and_a_picture_of_a_mummy.jpg,false,,product
real_product_product_044_P3BwhD8sa6M.jpg,images/real/product/product_044_P3BwhD8sa6M.jpg,false,,product
real_product_product_084__pA5RUGRPvg.jpg,images/real/product/product_084__pA5RUGRPvg.jpg,false,,product
real_product_product_153_CjcqO587KRI.jpg,images/real/product/product_153_CjcqO587KRI.jpg,false,,product
real_product_product_071_XYq2hcSmakA.jpg,images/real/product/product_071_XYq2hcSmakA.jpg,false,,product
real_product_product_129_bQjEEII7G5E.jpg,images/real/product/product_129_bQjEEII7G5E.jpg,false,,product
real_product_product_164_pNRLVLA1gNU.jpg,images/real/product/product_164_pNRLVLA1gNU.jpg,false,,product
real_product_product_67_a_floor_filled_with_the_contents_of_a_womans_bag.jpg,images/real/product/product_67_a_floor_filled_with_the_contents_of_a_womans_bag.jpg,false,,product
real_product_product_158_Ow4X45p6mIw.jpg,images/real/product/product_158_Ow4X45p6mIw.jpg,false,,product
real_product_product_123_T4xh5oV8LuY.jpg,images/real/product/product_123_T4xh5oV8LuY.jpg,false,,product
real_product_product_147_Dx47EsVBnEo.jpg,images/real/product/product_147_Dx47EsVBnEo.jpg,false,,product
real_product_product_148_UlNDzqInCXk.jpg,images/real/product/product_148_UlNDzqInCXk.jpg,false,,product
real_product_product_064_A_fBQe39A4k.jpg,images/real/product/product_064_A_fBQe39A4k.jpg,false,,product
real_product_product_169_en-RjVJurms.jpg,images/real/product/product_169_en-RjVJurms.jpg,false,,product
real_product_product_088_XLnkWVCPuoU.jpg,images/real/product/product_088_XLnkWVCPuoU.jpg,false,,product
real_product_product_61_a_marine_that_is_looking_at_his_cell_phone.jpg,images/real/product/product_61_a_marine_that_is_looking_at_his_cell_phone.jpg,false,,product
real_product_product_109_UuAs_sR4frs.jpg,images/real/product/product_109_UuAs_sR4frs.jpg,false,,product
real_product_product_056_ZQm_wg8jxhI.jpg,images/real/product/product_056_ZQm_wg8jxhI.jpg,false,,product
real_product_product_052_Lwqv4tEIKOU.jpg,images/real/product/product_052_Lwqv4tEIKOU.jpg,false,,product
real_product_product_093_MzFclBeMwSo.jpg,images/real/product/product_093_MzFclBeMwSo.jpg,false,,product
real_product_product_082_gRPFfk_c0HE.jpg,images/real/product/product_082_gRPFfk_c0HE.jpg,false,,product
real_product_product_055_PMhYnFuj1ls.jpg,images/real/product/product_055_PMhYnFuj1ls.jpg,false,,product
real_product_product_152_eORbhX0F4_4.jpg,images/real/product/product_152_eORbhX0F4_4.jpg,false,,product
real_product_product_160_iwwMFnt1GTc.jpg,images/real/product/product_160_iwwMFnt1GTc.jpg,false,,product
real_product_product_75_a_computer_mouse_is_beside_a_notebook_computer.jpg,images/real/product/product_75_a_computer_mouse_is_beside_a_notebook_computer.jpg,false,,product
real_product_product_122_TVWBH7UHQ7Y.jpg,images/real/product/product_122_TVWBH7UHQ7Y.jpg,false,,product
real_product_product_070_LDlC-35X2uU.jpg,images/real/product/product_070_LDlC-35X2uU.jpg,false,,product
real_product_product_051_MdZFPwlWMYs.jpg,images/real/product/product_051_MdZFPwlWMYs.jpg,false,,product
real_product_product_060_RAmpnn20rmY.jpg,images/real/product/product_060_RAmpnn20rmY.jpg,false,,product
real_product_product_143_kVuPfz-3HKw.jpg,images/real/product/product_143_kVuPfz-3HKw.jpg,false,,product
real_product_product_034_VlgzxZZKQOQ.jpg,images/real/product/product_034_VlgzxZZKQOQ.jpg,false,,product
real_product_product_128_wk8ilTaXqw4.jpg,images/real/product/product_128_wk8ilTaXqw4.jpg,false,,product
real_product_product_82_a_crowd_of_people_with_umbrellas_on_a_street.jpg,images/real/product/product_82_a_crowd_of_people_with_umbrellas_on_a_street.jpg,false,,product
real_product_product_119_0QP-0DUaCo4.jpg,images/real/product/product_119_0QP-0DUaCo4.jpg,false,,product
real_product_product_159_AWWUNRA1KFw.jpg,images/real/product/product_159_AWWUNRA1KFw.jpg,false,,product
real_product_product_57_a_big_fancy_glass_chandelier_hanging_in_a_small_kitchen.jpg,images/real/product/product_57_a_big_fancy_glass_chandelier_hanging_in_a_small_kitchen.jpg,false,,product
real_product_product_124_yb3hsmz4utg.jpg,images/real/product/product_124_yb3hsmz4utg.jpg,false,,product
real_product_product_78_a_woman_with_suitcases_waiting_for_a_train.jpg,images/real/product/product_78_a_woman_with_suitcases_waiting_for_a_train.jpg,false,,product
real_product_product_155_fSoJ_Kj59zs.jpg,images/real/product/product_155_fSoJ_Kj59zs.jpg,false,,product
real_product_product_156_qiMmrWdYZfg.jpg,images/real/product/product_156_qiMmrWdYZfg.jpg,false,,product
real_product_product_121_mFFATULxMBU.jpg,images/real/product/product_121_mFFATULxMBU.jpg,false,,product
real_product_product_134_n1bbNrNSJH8.jpg,images/real/product/product_134_n1bbNrNSJH8.jpg,false,,product
real_product_product_074_y26NHYSTZRk.jpg,images/real/product/product_074_y26NHYSTZRk.jpg,false,,product
real_product_product_135_YZIdz19jhqs.jpg,images/real/product/product_135_YZIdz19jhqs.jpg,false,,product
real_product_product_58_a_beautiful_woman_taking_a_picture_with_her_smart_phone.jpg,images/real/product/product_58_a_beautiful_woman_taking_a_picture_with_her_smart_phone.jpg,false,,product
real_product_product_51_a_group_of_people_walking_across_a_busy_city_street.jpg,images/real/product/product_51_a_group_of_people_walking_across_a_busy_city_street.jpg,false,,product
real_product_product_098_pkfwwofpNUw.jpg,images/real/product/product_098_pkfwwofpNUw.jpg,false,,product
real_product_product_081_e6z6DVc_JqQ.jpg,images/real/product/product_081_e6z6DVc_JqQ.jpg,false,,product
real_product_product_76_a_man_in_a_gray_shirt_holds_his_phone_as_he_sits_by_a_man_in.jpg,images/real/product/product_76_a_man_in_a_gray_shirt_holds_his_phone_as_he_sits_by_a_man_in.jpg,false,,product
real_product_product_037_sxh5dE2bD50.jpg,images/real/product/product_037_sxh5dE2bD50.jpg,false,,product
real_product_product_091_kcy3tHgHpcs.jpg,images/real/product/product_091_kcy3tHgHpcs.jpg,false,,product
real_product_product_048__CSr-_ZICSY.jpg,images/real/product/product_048__CSr-_ZICSY.jpg,false,,product
real_product_product_167_xWeSCy5BdfI.jpg,images/real/product/product_167_xWeSCy5BdfI.jpg,false,,product
real_product_product_107_xVptEZzgVfo.jpg,images/real/product/product_107_xVptEZzgVfo.jpg,false,,product
real_product_product_151_ICAxsNRt_WM.jpg,images/real/product/product_151_ICAxsNRt_WM.jpg,false,,product
real_product_product_038_3Cgmcux-cpY.jpg,images/real/product/product_038_3Cgmcux-cpY.jpg,false,,product
real_product_product_56_two_computer_monitors_are_turned_on_on_a_computer_desk.jpg,images/real/product/product_56_two_computer_monitors_are_turned_on_on_a_computer_desk.jpg,false,,product
real_product_product_054_eAaoUuAMb7M.jpg,images/real/product/product_054_eAaoUuAMb7M.jpg,false,,product
real_product_product_163_r1BS0pzlr1M.jpg,images/real/product/product_163_r1BS0pzlr1M.jpg,false,,product
real_product_product_108_5GKdpmo0wI8.jpg,images/real/product/product_108_5GKdpmo0wI8.jpg,false,,product
real_product_product_112_aokIiOCtnXk.jpg,images/real/product/product_112_aokIiOCtnXk.jpg,false,,product
real_product_product_62_a_few_different_computers_are_placed_on_the_desk.jpg,images/real/product/product_62_a_few_different_computers_are_placed_on_the_desk.jpg,false,,product
real_product_product_102_kjfdacDML9M.jpg,images/real/product/product_102_kjfdacDML9M.jpg,false,,product
real_product_product_150_kFDyajOyqTA.jpg,images/real/product/product_150_kFDyajOyqTA.jpg,false,,product
real_product_product_59_a_refrigerator_next_to_a_red_wall_in_the_kitchen.jpg,images/real/product/product_59_a_refrigerator_next_to_a_red_wall_in_the_kitchen.jpg,false,,product
real_product_product_059_Lcqz6UUKXRU.jpg,images/real/product/product_059_Lcqz6UUKXRU.jpg,false,,product
real_product_product_089_IYvYz0j7zpA.jpg,images/real/product/product_089_IYvYz0j7zpA.jpg,false,,product
real_product_product_092_7QyUPe30vqU.jpg,images/real/product/product_092_7QyUPe30vqU.jpg,false,,product
real_product_product_116_xUpbmUINv9o.jpg,images/real/product/product_116_xUpbmUINv9o.jpg,false,,product
real_product_product_142_oNte8riFdX0.jpg,images/real/product/product_142_oNte8riFdX0.jpg,false,,product
real_product_product_146_wW1raPiIJIU.jpg,images/real/product/product_146_wW1raPiIJIU.jpg,false,,product
real_product_product_79_a_group_of_commuters_standing_around_a_train_station.jpg,images/real/product/product_79_a_group_of_commuters_standing_around_a_train_station.jpg,false,,product
real_product_product_126_MHBJeSSQfx8.jpg,images/real/product/product_126_MHBJeSSQfx8.jpg,false,,product
real_product_product_065_Yu-xv5OzGgo.jpg,images/real/product/product_065_Yu-xv5OzGgo.jpg,false,,product
real_product_product_113_pOCcShZwNcs.jpg,images/real/product/product_113_pOCcShZwNcs.jpg,false,,product
real_product_product_075_MUv_7l-GRKU.jpg,images/real/product/product_075_MUv_7l-GRKU.jpg,false,,product
real_product_product_55_there_is_a_lap_top_computer_on_the_desk.jpg,images/real/product/product_55_there_is_a_lap_top_computer_on_the_desk.jpg,false,,product
real_product_product_157_fVIiTknYim8.jpg,images/real/product/product_157_fVIiTknYim8.jpg,false,,product
real_product_product_65_people_laying_in_chairs_walking_and_playing_in_the_water_on.jpg,images/real/product/product_65_people_laying_in_chairs_walking_and_playing_in_the_water_on.jpg,false,,product
real_product_product_154_nwhqGZ5DcOY.jpg,images/real/product/product_154_nwhqGZ5DcOY.jpg,false,,product
real_product_product_080_QESicPqs_XE.jpg,images/real/product/product_080_QESicPqs_XE.jpg,false,,product
real_product_product_063_cD_obz7W774.jpg,images/real/product/product_063_cD_obz7W774.jpg,false,,product
real_product_product_53_a_woman_walking_next_to_a_man_riding_a_pink_bike.jpg,images/real/product/product_53_a_woman_walking_next_to_a_man_riding_a_pink_bike.jpg,false,,product
real_product_product_131_F-e4-hd1-oA.jpg,images/real/product/product_131_F-e4-hd1-oA.jpg,false,,product
real_product_product_040_uWrLpDAT81g.jpg,images/real/product/product_040_uWrLpDAT81g.jpg,false,,product
real_product_product_114_vGhpfizChpY.jpg,images/real/product/product_114_vGhpfizChpY.jpg,false,,product
real_portrait_people_22_group_of_friends.jpg,images/real/portrait/people_22_group_of_friends.jpg,false,,portrait
real_portrait_people_25_man_portrait_close.jpg,images/real/portrait/people_25_man_portrait_close.jpg,false,,portrait
real_portrait_people_24_woman_casual.jpg,images/real/portrait/people_24_woman_casual.jpg,false,,portrait
real_portrait_people_23_outdoor_portrait.jpg,images/real/portrait/people_23_outdoor_portrait.jpg,false,,portrait
real_portrait_people_20_woman_portrait.jpg,images/real/portrait/people_20_woman_portrait.jpg,false,,portrait
real_portrait_people_26_woman_professional.jpg,images/real/portrait/people_26_woman_professional.jpg,false,,portrait
real_portrait_people_21_fashion_portrait.jpg,images/real/portrait/people_21_fashion_portrait.jpg,false,,portrait
real_food_food_084_-BSvBlnCvUU.jpg,images/real/food/food_084_-BSvBlnCvUU.jpg,false,,food
real_food_food_58_man_cutting_a_cake_on_the_table_in_the_kitchen.jpg,images/real/food/food_58_man_cutting_a_cake_on_the_table_in_the_kitchen.jpg,false,,food
real_food_food_035_91czTE5wmCg.jpg,images/real/food/food_035_91czTE5wmCg.jpg,false,,food
real_food_food_039_pGCwAAk04BU.jpg,images/real/food/food_039_pGCwAAk04BU.jpg,false,,food
real_food_food_157_-dm8WfhnQU4.jpg,images/real/food/food_157_-dm8WfhnQU4.jpg,false,,food
real_food_food_141_MUdGuohE-Mk.jpg,images/real/food/food_141_MUdGuohE-Mk.jpg,false,,food
real_food_food_159_K3q1KVUeGQY.jpg,images/real/food/food_159_K3q1KVUeGQY.jpg,false,,food
real_food_food_117_dv5SSMfXbs4.jpg,images/real/food/food_117_dv5SSMfXbs4.jpg,false,,food
real_food_food_131_l8Y9fVgxrEE.jpg,images/real/food/food_131_l8Y9fVgxrEE.jpg,false,,food
real_food_food_170_rDLBArZUl1c.jpg,images/real/food/food_170_rDLBArZUl1c.jpg,false,,food
real_food_food_123_49EKj06dQCc.jpg,images/real/food/food_123_49EKj06dQCc.jpg,false,,food
real_food_food_155_h5yMpgOI5nI.jpg,images/real/food/food_155_h5yMpgOI5nI.jpg,false,,food
real_food_food_165_9PDBbyJc2eE.jpg,images/real/food/food_165_9PDBbyJc2eE.jpg,false,,food
real_food_food_063_bgHJL294VVY.jpg,images/real/food/food_063_bgHJL294VVY.jpg,false,,food
real_food_food_118_xXIRSZmzvU8.jpg,images/real/food/food_118_xXIRSZmzvU8.jpg,false,,food
real_food_food_037_dQIcaRtNZtQ.jpg,images/real/food/food_037_dQIcaRtNZtQ.jpg,false,,food
real_food_food_110_o8PCoxDO8PQ.jpg,images/real/food/food_110_o8PCoxDO8PQ.jpg,false,,food
real_food_food_59_a_white_plate_with_some_food_and_two_trays_of_sauce.jpg,images/real/food/food_59_a_white_plate_with_some_food_and_two_trays_of_sauce.jpg,false,,food
real_food_food_81_a_table_topped_with_plates_bowls_and_containers_of_food.jpg,images/real/food/food_81_a_table_topped_with_plates_bowls_and_containers_of_food.jpg,false,,food
real_food_food_056_qw6_11-Ob48.jpg,images/real/food/food_056_qw6_11-Ob48.jpg,false,,food
real_food_food_169_T5Pm7ZId3sc.jpg,images/real/food/food_169_T5Pm7ZId3sc.jpg,false,,food
real_food_food_048_BxY-nv-RBsA.jpg,images/real/food/food_048_BxY-nv-RBsA.jpg,false,,food
real_food_food_036_HkaSi5Fvc0s.jpg,images/real/food/food_036_HkaSi5Fvc0s.jpg,false,,food
real_food_food_077_LOdAL10JejI.jpg,images/real/food/food_077_LOdAL10JejI.jpg,false,,food
real_food_food_069_av5GTf-KxcI.jpg,images/real/food/food_069_av5GTf-KxcI.jpg,false,,food
real_food_food_152_gDwonOrdh0Q.jpg,images/real/food/food_152_gDwonOrdh0Q.jpg,false,,food
real_food_food_68_a_bunch_of_oranges_are_sitting_in_a_clear_fruit_bowl.jpg,images/real/food/food_68_a_bunch_of_oranges_are_sitting_in_a_clear_fruit_bowl.jpg,false,,food
real_food_food_167_3Vr4qQvQn34.jpg,images/real/food/food_167_3Vr4qQvQn34.jpg,false,,food
real_food_food_163_vExD0Y0Aei0.jpg,images/real/food/food_163_vExD0Y0Aei0.jpg,false,,food
real_food_food_151_FyDHcvRi3QI.jpg,images/real/food/food_151_FyDHcvRi3QI.jpg,false,,food
real_food_food_135_jdcifvdsJZg.jpg,images/real/food/food_135_jdcifvdsJZg.jpg,false,,food
real_food_food_57_the_meal_of_fish_has_a_side_of_broccoli.jpg,images/real/food/food_57_the_meal_of_fish_has_a_side_of_broccoli.jpg,false,,food
real_food_food_164_1Uqr_jqi3c4.jpg,images/real/food/food_164_1Uqr_jqi3c4.jpg,false,,food
real_food_food_072_t1_BuMsRRsI.jpg,images/real/food/food_072_t1_BuMsRRsI.jpg,false,,food
real_food_food_096_JVd2FchPjCg.jpg,images/real/food/food_096_JVd2FchPjCg.jpg,false,,food
real_food_food_114_ozVQrfENFOs.jpg,images/real/food/food_114_ozVQrfENFOs.jpg,false,,food
real_food_food_78_three_round_plates_filled_with_artistically_presented_food.jpg,images/real/food/food_78_three_round_plates_filled_with_artistically_presented_food.jpg,false,,food
real_food_food_051_GCEK8Jo_vGM.jpg,images/real/food/food_051_GCEK8Jo_vGM.jpg,false,,food
real_food_food_130_QYU_U2wXxig.jpg,images/real/food/food_130_QYU_U2wXxig.jpg,false,,food
real_food_food_089_sp2lfKOUzAM.jpg,images/real/food/food_089_sp2lfKOUzAM.jpg,false,,food
real_food_food_52_a_kitchen_that_has_a_table_and_a_chair.jpg,images/real/food/food_52_a_kitchen_that_has_a_table_and_a_chair.jpg,false,,food
real_food_food_149_G8qVZEiyCJU.jpg,images/real/food/food_149_G8qVZEiyCJU.jpg,false,,food
real_food_food_078_tz0moLxAMCc.jpg,images/real/food/food_078_tz0moLxAMCc.jpg,false,,food
real_food_food_080_zyLgpFi4Tvg.jpg,images/real/food/food_080_zyLgpFi4Tvg.jpg,false,,food
real_food_food_068_aFa_Fu12bj8.jpg,images/real/food/food_068_aFa_Fu12bj8.jpg,false,,food
real_food_food_050_M5kI-5OFviE.jpg,images/real/food/food_050_M5kI-5OFviE.jpg,false,,food
real_food_food_034_dY7ONzZzoU8.jpg,images/real/food/food_034_dY7ONzZzoU8.jpg,false,,food
real_food_food_143_1fxcQYy5OXc.jpg,images/real/food/food_143_1fxcQYy5OXc.jpg,false,,food
real_food_food_148_6dC5tYPiD2s.jpg,images/real/food/food_148_6dC5tYPiD2s.jpg,false,,food
real_food_food_64_a_kitchen_with_a_bright_window_and_house_plants.jpg,images/real/food/food_64_a_kitchen_with_a_bright_window_and_house_plants.jpg,false,,food
real_food_food_046_YQPTf86GvpM.jpg,images/real/food/food_046_YQPTf86GvpM.jpg,false,,food
real_food_food_052_n5Wvn6wU1Xw.jpg,images/real/food/food_052_n5Wvn6wU1Xw.jpg,false,,food
real_food_food_80_a_lot_of_food_that_are_in_some_baskets.jpg,images/real/food/food_80_a_lot_of_food_that_are_in_some_baskets.jpg,false,,food
real_food_food_124_hhZDn50B17c.jpg,images/real/food/food_124_hhZDn50B17c.jpg,false,,food
real_food_food_139_8v38azmFYr8.jpg,images/real/food/food_139_8v38azmFYr8.jpg,false,,food
real_food_food_094_9oUL0x_puck.jpg,images/real/food/food_094_9oUL0x_puck.jpg,false,,food
real_food_food_075_SidputyP-eE.jpg,images/real/food/food_075_SidputyP-eE.jpg,false,,food
real_food_food_053_rf0XgpH-2ao.jpg,images/real/food/food_053_rf0XgpH-2ao.jpg,false,,food
real_food_food_67_a_person_adjusting_a_metal_object_hanging_from_a_ceiling.jpg,images/real/food/food_67_a_person_adjusting_a_metal_object_hanging_from_a_ceiling.jpg,false,,food
real_food_food_53_a_group_of_people_sitting_around_a_table_filled_with_food.jpg,images/real/food/food_53_a_group_of_people_sitting_around_a_table_filled_with_food.jpg,false,,food
real_food_food_104_0byawXfQl5c.jpg,images/real/food/food_104_0byawXfQl5c.jpg,false,,food
real_food_food_125_NNddPCQDhyw.jpg,images/real/food/food_125_NNddPCQDhyw.jpg,false,,food
real_food_food_128_GVxJRsudSIU.jpg,images/real/food/food_128_GVxJRsudSIU.jpg,false,,food
real_food_food_079_POg3Z47YPkM.jpg,images/real/food/food_079_POg3Z47YPkM.jpg,false,,food
real_food_food_72_a_newly_married_couple_sharing_a_piece_of_there_wedding_cake.jpg,images/real/food/food_72_a_newly_married_couple_sharing_a_piece_of_there_wedding_cake.jpg,false,,food
real_food_food_055_dSZQC7vVf5M.jpg,images/real/food/food_055_dSZQC7vVf5M.jpg,false,,food
real_food_food_54_two_birds_preparing_to_eat_food_off_of_a_plate_that_was_left.jpg,images/real/food/food_54_two_birds_preparing_to_eat_food_off_of_a_plate_that_was_left.jpg,false,,food
real_food_food_138_E1ZwXiBD7LA.jpg,images/real/food/food_138_E1ZwXiBD7LA.jpg,false,,food
real_food_food_147_cRPz6-ryzSg.jpg,images/real/food/food_147_cRPz6-ryzSg.jpg,false,,food
real_food_food_054_mV4oTSZR4eA.jpg,images/real/food/food_054_mV4oTSZR4eA.jpg,false,,food
real_food_food_62_a_man_that_is_sitting_down_on_a_bench_in_front_of_a_table.jpg,images/real/food/food_62_a_man_that_is_sitting_down_on_a_bench_in_front_of_a_table.jpg,false,,food
real_food_food_61_food_on_a_train_with_a_pie_and_some_vegetable.jpg,images/real/food/food_61_food_on_a_train_with_a_pie_and_some_vegetable.jpg,false,,food
real_food_food_50_bride_and_grooms_arms_cutting_the_wedding_cake_with_fruit_on.jpg,images/real/food/food_50_bride_and_grooms_arms_cutting_the_wedding_cake_with_fruit_on.jpg,false,,food
real_food_food_56_a_breakfast_plate_with_toast_vegetables_eggs_and_meat.jpg,images/real/food/food_56_a_breakfast_plate_with_toast_vegetables_eggs_and_meat.jpg,false,,food
real_food_food_038_eD3gkNVlm94.jpg,images/real/food/food_038_eD3gkNVlm94.jpg,false,,food
real_food_food_132_ONeUTPIkoEs.jpg,images/real/food/food_132_ONeUTPIkoEs.jpg,false,,food
real_food_food_093_7DpEKohpOhQ.jpg,images/real/food/food_093_7DpEKohpOhQ.jpg,false,,food
real_food_food_137_AELjKcCaNSk.jpg,images/real/food/food_137_AELjKcCaNSk.jpg,false,,food
real_food_food_070_4l5BlL6OX7A.jpg,images/real/food/food_070_4l5BlL6OX7A.jpg,false,,food
real_food_food_090_YwH212PJk0Q.jpg,images/real/food/food_090_YwH212PJk0Q.jpg,false,,food
real_food_food_121_xd0g61tGBgc.jpg,images/real/food/food_121_xd0g61tGBgc.jpg,false,,food
real_food_food_133_PMOAfRP_kLI.jpg,images/real/food/food_133_PMOAfRP_kLI.jpg,false,,food
real_food_food_150_tIvWsbppj5k.jpg,images/real/food/food_150_tIvWsbppj5k.jpg,false,,food
real_food_food_059_ELISIYFi-ws.jpg,images/real/food/food_059_ELISIYFi-ws.jpg,false,,food
real_food_food_140_PBXZSIQ0XTg.jpg,images/real/food/food_140_PBXZSIQ0XTg.jpg,false,,food
real_food_food_75_a_group_of_people_that_are_standing_in_front_of_a_island.jpg,images/real/food/food_75_a_group_of_people_that_are_standing_in_front_of_a_island.jpg,false,,food
real_food_food_062_JZ5WREw9664.jpg,images/real/food/food_062_JZ5WREw9664.jpg,false,,food
real_food_food_098__WuZ9cOPc6M.jpg,images/real/food/food_098__WuZ9cOPc6M.jpg,false,,food
real_food_food_044_s-4i34Z07To.jpg,images/real/food/food_044_s-4i34Z07To.jpg,false,,food
real_food_food_064_cuaxqIA_pk0.jpg,images/real/food/food_064_cuaxqIA_pk0.jpg,false,,food
real_food_food_074_v9MpHbQimqY.jpg,images/real/food/food_074_v9MpHbQimqY.jpg,false,,food
real_food_food_156_XU1-sAMZFqc.jpg,images/real/food/food_156_XU1-sAMZFqc.jpg,false,,food
real_food_food_120_raakZHcgWWw.jpg,images/real/food/food_120_raakZHcgWWw.jpg,false,,food
real_food_food_060_dUeD4im5YSQ.jpg,images/real/food/food_060_dUeD4im5YSQ.jpg,false,,food
real_food_food_145_aw47u5DHXEg.jpg,images/real/food/food_145_aw47u5DHXEg.jpg,false,,food
real_food_food_058_ue4AfKGEQoA.jpg,images/real/food/food_058_ue4AfKGEQoA.jpg,false,,food
real_food_food_127_OKT6Ce9fwqI.jpg,images/real/food/food_127_OKT6Ce9fwqI.jpg,false,,food
real_food_food_067_3OSiYv09hhs.jpg,images/real/food/food_067_3OSiYv09hhs.jpg,false,,food
real_food_food_168_sFPxZsn8cwU.jpg,images/real/food/food_168_sFPxZsn8cwU.jpg,false,,food
real_food_food_091_nrfSpR3_4yE.jpg,images/real/food/food_091_nrfSpR3_4yE.jpg,false,,food
real_food_food_144_YvEGiuPZ0Sg.jpg,images/real/food/food_144_YvEGiuPZ0Sg.jpg,false,,food
real_food_food_107_f87RdAQSoJk.jpg,images/real/food/food_107_f87RdAQSoJk.jpg,false,,food
real_food_food_126_AgWVcQz1bOA.jpg,images/real/food/food_126_AgWVcQz1bOA.jpg,false,,food
real_food_food_158_j1KUsXahuXk.jpg,images/real/food/food_158_j1KUsXahuXk.jpg,false,,food
real_food_food_049_BPsqF6C_Ou8.jpg,images/real/food/food_049_BPsqF6C_Ou8.jpg,false,,food
real_food_food_042_pyFWN-TrXvk.jpg,images/real/food/food_042_pyFWN-TrXvk.jpg,false,,food
real_food_food_111_GlWOWrJXk5s.jpg,images/real/food/food_111_GlWOWrJXk5s.jpg,false,,food
real_food_food_71_belgium_waffle_loaded_with_bananas_topped_with_powdered_suga.jpg,images/real/food/food_71_belgium_waffle_loaded_with_bananas_topped_with_powdered_suga.jpg,false,,food
real_food_food_092_69P8Y4ErG0Y.jpg,images/real/food/food_092_69P8Y4ErG0Y.jpg,false,,food
real_food_food_73_a_plate_with_bacon_eggs_and_hamburger_topped_with_bananas.jpg,images/real/food/food_73_a_plate_with_bacon_eggs_and_hamburger_topped_with_bananas.jpg,false,,food
real_food_food_076_IrM6Fvhmc9k.jpg,images/real/food/food_076_IrM6Fvhmc9k.jpg,false,,food
real_food_food_136_ZHW1qo-VRXM.jpg,images/real/food/food_136_ZHW1qo-VRXM.jpg,false,,food
real_food_food_083_HgoEnDWOGrA.jpg,images/real/food/food_083_HgoEnDWOGrA.jpg,false,,food
real_food_food_109_HbQj2RAanTs.jpg,images/real/food/food_109_HbQj2RAanTs.jpg,false,,food
real_food_food_043_siHk8IfK_Ec.jpg,images/real/food/food_043_siHk8IfK_Ec.jpg,false,,food
real_food_food_113_n2sQQ6XjqfE.jpg,images/real/food/food_113_n2sQQ6XjqfE.jpg,false,,food
real_food_food_82_a_kitchen_with_a_center_white_island_topped_with_a_bowl_of_g.jpg,images/real/food/food_82_a_kitchen_with_a_center_white_island_topped_with_a_bowl_of_g.jpg,false,,food
real_food_food_51_a_bowl_of_some_broccoli_that_is_chopped.jpg,images/real/food/food_51_a_bowl_of_some_broccoli_that_is_chopped.jpg,false,,food
real_food_food_154_VpjPHuFAI-4.jpg,images/real/food/food_154_VpjPHuFAI-4.jpg,false,,food
real_food_food_162_f4GdYFpUyH8.jpg,images/real/food/food_162_f4GdYFpUyH8.jpg,false,,food
real_food_food_045_iRVq6avVGDE.jpg,images/real/food/food_045_iRVq6avVGDE.jpg,false,,food
real_food_food_129_3P0BmvFk5rg.jpg,images/real/food/food_129_3P0BmvFk5rg.jpg,false,,food
real_food_food_74_a_sandwich_with_nachos_and_a_salad_on_a_plate.jpg,images/real/food/food_74_a_sandwich_with_nachos_and_a_salad_on_a_plate.jpg,false,,food
real_food_food_071_9cH-uVU__0c.jpg,images/real/food/food_071_9cH-uVU__0c.jpg,false,,food
real_food_food_79_a_tray_of_various_foods_next_to_drinks_on_a_table.jpg,images/real/food/food_79_a_tray_of_various_foods_next_to_drinks_on_a_table.jpg,false,,food
real_food_food_115_YjJFJDai9zg.jpg,images/real/food/food_115_YjJFJDai9zg.jpg,false,,food
real_food_food_100_OSwea3yxjT0.jpg,images/real/food/food_100_OSwea3yxjT0.jpg,false,,food
real_food_food_088_QPKJZvqMaDs.jpg,images/real/food/food_088_QPKJZvqMaDs.jpg,false,,food
real_food_food_040_a7nzCe8FlT4.jpg,images/real/food/food_040_a7nzCe8FlT4.jpg,false,,food
real_food_food_108_ixC7gmLcKaQ.jpg,images/real/food/food_108_ixC7gmLcKaQ.jpg,false,,food
real_food_food_63_a_man_preparing_food_in_a_restaurant_kitchen.jpg,images/real/food/food_63_a_man_preparing_food_in_a_restaurant_kitchen.jpg,false,,food
real_food_food_066_s0oNVwpU9NE.jpg,images/real/food/food_066_s0oNVwpU9NE.jpg,false,,food
real_food_food_134_T-tgZmKFRZU.jpg,images/real/food/food_134_T-tgZmKFRZU.jpg,false,,food
real_food_food_161_AX8z0xXzrUo.jpg,images/real/food/food_161_AX8z0xXzrUo.jpg,false,,food
real_food_food_69_a_scene_of_an_apartment_with_a_dining_table_and_a_couple_of.jpg,images/real/food/food_69_a_scene_of_an_apartment_with_a_dining_table_and_a_couple_of.jpg,false,,food
real_food_food_073_kswmO8BRzQQ.jpg,images/real/food/food_073_kswmO8BRzQQ.jpg,false,,food
real_food_food_66_a_plate_of_bananas_and_sliced_oranges_covered_in_butterflies.jpg,images/real/food/food_66_a_plate_of_bananas_and_sliced_oranges_covered_in_butterflies.jpg,false,,food
real_food_food_102_DuObvMLmc8M.jpg,images/real/food/food_102_DuObvMLmc8M.jpg,false,,food
real_food_food_097_jT86IpheR2w.jpg,images/real/food/food_097_jT86IpheR2w.jpg,false,,food
real_food_food_103_Fff5ve-rGVA.jpg,images/real/food/food_103_Fff5ve-rGVA.jpg,false,,food
real_food_food_081_lgvvFFplBHw.jpg,images/real/food/food_081_lgvvFFplBHw.jpg,false,,food
real_food_food_041_qDdv33C-BSw.jpg,images/real/food/food_041_qDdv33C-BSw.jpg,false,,food
real_food_food_085_WT_nZUfAmBc.jpg,images/real/food/food_085_WT_nZUfAmBc.jpg,false,,food
real_food_food_047_qpZlQ8IIghI.jpg,images/real/food/food_047_qpZlQ8IIghI.jpg,false,,food
real_food_food_160_uRqMI5Nw4Yc.jpg,images/real/food/food_160_uRqMI5Nw4Yc.jpg,false,,food
real_food_food_065_Q5QspluNZmM.jpg,images/real/food/food_065_Q5QspluNZmM.jpg,false,,food
real_food_food_119_47urRDhCphA.jpg,images/real/food/food_119_47urRDhCphA.jpg,false,,food
real_food_food_095_WY_EKY3taJE.jpg,images/real/food/food_095_WY_EKY3taJE.jpg,false,,food
real_food_food_087_oYllk_NdgA0.jpg,images/real/food/food_087_oYllk_NdgA0.jpg,false,,food
real_food_food_061_DCZGNIZjz_Q.jpg,images/real/food/food_061_DCZGNIZjz_Q.jpg,false,,food
real_food_food_65_a_small_bowl_of_fruit_on_a_table.jpg,images/real/food/food_65_a_small_bowl_of_fruit_on_a_table.jpg,false,,food
real_food_food_76_three_bowls_filled_with_vegetables_on_top_of_a_table.jpg,images/real/food/food_76_three_bowls_filled_with_vegetables_on_top_of_a_table.jpg,false,,food
real_food_food_146_fv7ttjeTgyM.jpg,images/real/food/food_146_fv7ttjeTgyM.jpg,false,,food
real_food_food_70_a_sandwich_sitting_on_top_of_a_pile_of_fries.jpg,images/real/food/food_70_a_sandwich_sitting_on_top_of_a_pile_of_fries.jpg,false,,food
real_food_food_099_gyaPIZZjV_A.jpg,images/real/food/food_099_gyaPIZZjV_A.jpg,false,,food
real_food_food_057_v8-cAH5cmTU.jpg,images/real/food/food_057_v8-cAH5cmTU.jpg,false,,food
real_food_food_77_a_bowl_that_has_soup_and_a_spoon_in_it.jpg,images/real/food/food_77_a_bowl_that_has_soup_and_a_spoon_in_it.jpg,false,,food
real_food_food_166_lZ98dwbkTws.jpg,images/real/food/food_166_lZ98dwbkTws.jpg,false,,food
real_food_food_082_w-LpijUp8yw.jpg,images/real/food/food_082_w-LpijUp8yw.jpg,false,,food
real_food_food_101_OZhdQm_OjX4.jpg,images/real/food/food_101_OZhdQm_OjX4.jpg,false,,food
real_food_food_153_Rh8vxWHc5DA.jpg,images/real/food/food_153_Rh8vxWHc5DA.jpg,false,,food
real_food_food_112_T8I3UuK-QXY.jpg,images/real/food/food_112_T8I3UuK-QXY.jpg,false,,food
real_food_food_106_0b4sfNTqBLU.jpg,images/real/food/food_106_0b4sfNTqBLU.jpg,false,,food
real_food_food_105_jCTo3MAtzjA.jpg,images/real/food/food_105_jCTo3MAtzjA.jpg,false,,food
real_food_food_122_4Y_bVu4j0cA.jpg,images/real/food/food_122_4Y_bVu4j0cA.jpg,false,,food
real_food_food_142_YY5uHzZV6Wo.jpg,images/real/food/food_142_YY5uHzZV6Wo.jpg,false,,food
real_food_food_086_lz8rih2cNJQ.jpg,images/real/food/food_086_lz8rih2cNJQ.jpg,false,,food
real_food_food_55_a_beautiful_dessert_waiting_to_be_shared_by_two_people.jpg,images/real/food/food_55_a_beautiful_dessert_waiting_to_be_shared_by_two_people.jpg,false,,food
real_food_food_116_dpQqhZRyF7w.jpg,images/real/food/food_116_dpQqhZRyF7w.jpg,false,,food
real_food_food_60_two_computers_sitting_on_top_of_a_desk.jpg,images/real/food/food_60_two_computers_sitting_on_top_of_a_desk.jpg,false,,food
real_animal_animal_141_L79Jcm80Y3U.jpg,images/real/animal/animal_141_L79Jcm80Y3U.jpg,false,,animal
real_animal_animal_050_CBK17BPteJE.jpg,images/real/animal/animal_050_CBK17BPteJE.jpg,false,,animal
real_animal_animal_044_7pMTQP_kIhg.jpg,images/real/animal/animal_044_7pMTQP_kIhg.jpg,false,,animal
real_animal_animal_132_J4DL0onKVng.jpg,images/real/animal/animal_132_J4DL0onKVng.jpg,false,,animal
real_animal_animal_50_a_calico_cat_drinking_from_a_sink_faucet.jpg,images/real/animal/animal_50_a_calico_cat_drinking_from_a_sink_faucet.jpg,false,,animal
real_animal_animal_142_ScLYGfuCqQg.jpg,images/real/animal/animal_142_ScLYGfuCqQg.jpg,false,,animal
real_animal_animal_061_KKK-mavLRIY.jpg,images/real/animal/animal_061_KKK-mavLRIY.jpg,false,,animal
real_animal_animal_131_NoNqa205O40.jpg,images/real/animal/animal_131_NoNqa205O40.jpg,false,,animal
real_animal_animal_163_ujOHucbnC94.jpg,images/real/animal/animal_163_ujOHucbnC94.jpg,false,,animal
real_animal_animal_058_UsDyOmKQjzo.jpg,images/real/animal/animal_058_UsDyOmKQjzo.jpg,false,,animal
real_animal_animal_118_O-dnv951XTY.jpg,images/real/animal/animal_118_O-dnv951XTY.jpg,false,,animal
real_animal_animal_124_idMSI66-1NQ.jpg,images/real/animal/animal_124_idMSI66-1NQ.jpg,false,,animal
real_animal_animal_69_a_couple_of_people_that_are_biking_down_a_road.jpg,images/real/animal/animal_69_a_couple_of_people_that_are_biking_down_a_road.jpg,false,,animal
real_animal_animal_089_4KV3SKyHNjE.jpg,images/real/animal/animal_089_4KV3SKyHNjE.jpg,false,,animal
real_animal_animal_61_a_dog_laying_down_licking_food_off_of_a_plate.jpg,images/real/animal/animal_61_a_dog_laying_down_licking_food_off_of_a_plate.jpg,false,,animal
real_animal_animal_140_bj7ALDr6E-o.jpg,images/real/animal/animal_140_bj7ALDr6E-o.jpg,false,,animal
real_animal_animal_097_sCgBFOArERk.jpg,images/real/animal/animal_097_sCgBFOArERk.jpg,false,,animal
real_animal_animal_054_Qv8NgYRjSn4.jpg,images/real/animal/animal_054_Qv8NgYRjSn4.jpg,false,,animal
real_animal_animal_082_hvkcofV0bvw.jpg,images/real/animal/animal_082_hvkcofV0bvw.jpg,false,,animal
real_animal_animal_107_4rezxlfTrGA.jpg,images/real/animal/animal_107_4rezxlfTrGA.jpg,false,,animal
real_animal_animal_126_IOvOeZRGanM.jpg,images/real/animal/animal_126_IOvOeZRGanM.jpg,false,,animal
real_animal_animal_127_4sMVrh8-S1g.jpg,images/real/animal/animal_127_4sMVrh8-S1g.jpg,false,,animal
real_animal_animal_078_YzfCevgzsPI.jpg,images/real/animal/animal_078_YzfCevgzsPI.jpg,false,,animal
real_animal_animal_062_J7X_npgVujU.jpg,images/real/animal/animal_062_J7X_npgVujU.jpg,false,,animal
real_animal_animal_53_bird_sits_atop_cattle_on_snow_covered_field.jpg,images/real/animal/animal_53_bird_sits_atop_cattle_on_snow_covered_field.jpg,false,,animal
real_animal_animal_096_nvDnfWuSyD8.jpg,images/real/animal/animal_096_nvDnfWuSyD8.jpg,false,,animal
real_animal_animal_048_YvYBOSiBJE8.jpg,images/real/animal/animal_048_YvYBOSiBJE8.jpg,false,,animal
real_animal_animal_038_CiacXjCwb3g.jpg,images/real/animal/animal_038_CiacXjCwb3g.jpg,false,,animal
real_animal_animal_103__GQCzeh1oWk.jpg,images/real/animal/animal_103__GQCzeh1oWk.jpg,false,,animal
real_animal_animal_115_qvkA4FMTNKo.jpg,images/real/animal/animal_115_qvkA4FMTNKo.jpg,false,,animal
real_animal_animal_150_eNi9DGpVYWk.jpg,images/real/animal/animal_150_eNi9DGpVYWk.jpg,false,,animal
real_animal_animal_037_j3JAI9KXJ-c.jpg,images/real/animal/animal_037_j3JAI9KXJ-c.jpg,false,,animal
real_animal_animal_071_zjKxb4xhBXc.jpg,images/real/animal/animal_071_zjKxb4xhBXc.jpg,false,,animal
real_animal_animal_064_uLMM6TyPfGw.jpg,images/real/animal/animal_064_uLMM6TyPfGw.jpg,false,,animal
real_animal_animal_152_JkVNRBpFSK8.jpg,images/real/animal/animal_152_JkVNRBpFSK8.jpg,false,,animal
real_animal_animal_145_Qtg_270Aa_I.jpg,images/real/animal/animal_145_Qtg_270Aa_I.jpg,false,,animal
real_animal_animal_060_lZts59erQVw.jpg,images/real/animal/animal_060_lZts59erQVw.jpg,false,,animal
real_animal_animal_114_J0-ZaraetTE.jpg,images/real/animal/animal_114_J0-ZaraetTE.jpg,false,,animal
real_animal_animal_79_a_herd_of_cattle_and_zebra_standing_next_to_each_other_on_a.jpg,images/real/animal/animal_79_a_herd_of_cattle_and_zebra_standing_next_to_each_other_on_a.jpg,false,,animal
real_animal_animal_047_uHHA_YklxMc.jpg,images/real/animal/animal_047_uHHA_YklxMc.jpg,false,,animal
real_animal_animal_036_xlTolOtNLZM.jpg,images/real/animal/animal_036_xlTolOtNLZM.jpg,false,,animal
real_animal_animal_169_rxFkfMJL9tw.jpg,images/real/animal/animal_169_rxFkfMJL9tw.jpg,false,,animal
real_animal_animal_074_TfakEsc83HU.jpg,images/real/animal/animal_074_TfakEsc83HU.jpg,false,,animal
real_animal_animal_138_t5rBtxLiHj8.jpg,images/real/animal/animal_138_t5rBtxLiHj8.jpg,false,,animal
real_animal_animal_049_nwaiAiHAVEY.jpg,images/real/animal/animal_049_nwaiAiHAVEY.jpg,false,,animal
real_animal_animal_043_Dv45FbzLiik.jpg,images/real/animal/animal_043_Dv45FbzLiik.jpg,false,,animal
real_animal_animal_091_yRdK7ijQPNw.jpg,images/real/animal/animal_091_yRdK7ijQPNw.jpg,false,,animal
real_animal_animal_053_CACQDEJknBs.jpg,images/real/animal/animal_053_CACQDEJknBs.jpg,false,,animal
real_animal_animal_170_P6s8EbcSgmA.jpg,images/real/animal/animal_170_P6s8EbcSgmA.jpg,false,,animal
real_animal_animal_166_jh6YaoB0TBw.jpg,images/real/animal/animal_166_jh6YaoB0TBw.jpg,false,,animal
real_animal_animal_144_ihivSSUOpno.jpg,images/real/animal/animal_144_ihivSSUOpno.jpg,false,,animal
real_animal_animal_158_fkxUyu6F2L8.jpg,images/real/animal/animal_158_fkxUyu6F2L8.jpg,false,,animal
real_animal_animal_046_88Kt5KHUe_8.jpg,images/real/animal/animal_046_88Kt5KHUe_8.jpg,false,,animal
real_animal_animal_73_a_small_motor_bike_outside_of_the_garage.jpg,images/real/animal/animal_73_a_small_motor_bike_outside_of_the_garage.jpg,false,,animal
real_animal_animal_108_JNHrBVfdT_A.jpg,images/real/animal/animal_108_JNHrBVfdT_A.jpg,false,,animal
real_animal_animal_151_8LPgWfHgcMg.jpg,images/real/animal/animal_151_8LPgWfHgcMg.jpg,false,,animal
real_animal_animal_075_PA3F7YWHUPM.jpg,images/real/animal/animal_075_PA3F7YWHUPM.jpg,false,,animal
real_animal_animal_041_-96qBKyFefQ.jpg,images/real/animal/animal_041_-96qBKyFefQ.jpg,false,,animal
real_animal_animal_095_iuoIlOvTa6g.jpg,images/real/animal/animal_095_iuoIlOvTa6g.jpg,false,,animal
real_animal_animal_139_i80SbIDgFf8.jpg,images/real/animal/animal_139_i80SbIDgFf8.jpg,false,,animal
real_animal_animal_092_mg-k04n58xY.jpg,images/real/animal/animal_092_mg-k04n58xY.jpg,false,,animal
real_animal_animal_068_ZBR7NAYRR4M.jpg,images/real/animal/animal_068_ZBR7NAYRR4M.jpg,false,,animal
real_animal_animal_083_2QHHOAPI--I.jpg,images/real/animal/animal_083_2QHHOAPI--I.jpg,false,,animal
real_animal_animal_143_7xYdOPDfNcE.jpg,images/real/animal/animal_143_7xYdOPDfNcE.jpg,false,,animal
real_animal_animal_094_bmwUCv0wMIU.jpg,images/real/animal/animal_094_bmwUCv0wMIU.jpg,false,,animal
real_animal_animal_70_a_street_scene_with_a_person_on_a_motorcycle.jpg,images/real/animal/animal_70_a_street_scene_with_a_person_on_a_motorcycle.jpg,false,,animal
real_animal_animal_56_a_flock_of_goats_and_some_men_watching_them.jpg,images/real/animal/animal_56_a_flock_of_goats_and_some_men_watching_them.jpg,false,,animal
real_animal_animal_123_o-c4UrB0WBA.jpg,images/real/animal/animal_123_o-c4UrB0WBA.jpg,false,,animal
real_animal_animal_066_rh7KA6jVJFM.jpg,images/real/animal/animal_066_rh7KA6jVJFM.jpg,false,,animal
real_animal_animal_134_GVe30cQ8CWU.jpg,images/real/animal/animal_134_GVe30cQ8CWU.jpg,false,,animal
real_animal_animal_160_A_unG6e0Cug.jpg,images/real/animal/animal_160_A_unG6e0Cug.jpg,false,,animal
real_animal_animal_070_iY8qBtToC0o.jpg,images/real/animal/animal_070_iY8qBtToC0o.jpg,false,,animal
real_animal_animal_111_22_r4pgeL28.jpg,images/real/animal/animal_111_22_r4pgeL28.jpg,false,,animal
real_animal_animal_113_knB89oNur0A.jpg,images/real/animal/animal_113_knB89oNur0A.jpg,false,,animal
real_animal_animal_78_a_giraffe_standing_in_a_field_next_to_a_fence.jpg,images/real/animal/animal_78_a_giraffe_standing_in_a_field_next_to_a_fence.jpg,false,,animal
real_animal_animal_063_oajraKUY0uQ.jpg,images/real/animal/animal_063_oajraKUY0uQ.jpg,false,,animal
real_animal_animal_155_85YNg0KtSPw.jpg,images/real/animal/animal_155_85YNg0KtSPw.jpg,false,,animal
real_animal_animal_056_Nzzk-pOcqvA.jpg,images/real/animal/animal_056_Nzzk-pOcqvA.jpg,false,,animal
real_animal_animal_161_f3Os5oCc874.jpg,images/real/animal/animal_161_f3Os5oCc874.jpg,false,,animal
real_animal_animal_067_KmmVj3LY4lA.jpg,images/real/animal/animal_067_KmmVj3LY4lA.jpg,false,,animal
real_animal_animal_60_a_grouping_of_zebras_in_a_pen_next_to_a_giraffe.jpg,images/real/animal/animal_60_a_grouping_of_zebras_in_a_pen_next_to_a_giraffe.jpg,false,,animal
real_animal_animal_133_nzPivGosPIQ.jpg,images/real/animal/animal_133_nzPivGosPIQ.jpg,false,,animal
real_animal_animal_122_t81H__wdxlc.jpg,images/real/animal/animal_122_t81H__wdxlc.jpg,false,,animal
real_animal_animal_098_RMj_T-DMgDA.jpg,images/real/animal/animal_098_RMj_T-DMgDA.jpg,false,,animal
real_animal_animal_077_vVh9BUJIizQ.jpg,images/real/animal/animal_077_vVh9BUJIizQ.jpg,false,,animal
real_animal_animal_087__qLFof8-Loo.jpg,images/real/animal/animal_087__qLFof8-Loo.jpg,false,,animal
real_animal_animal_088_1tXeMpkssik.jpg,images/real/animal/animal_088_1tXeMpkssik.jpg,false,,animal
real_animal_animal_164_wAP_IBPhn-4.jpg,images/real/animal/animal_164_wAP_IBPhn-4.jpg,false,,animal
real_animal_animal_76_a_dog_is_tied_to_a_fire_hydrant.jpg,images/real/animal/animal_76_a_dog_is_tied_to_a_fire_hydrant.jpg,false,,animal
real_animal_animal_080_49TMUrNQDQ0.jpg,images/real/animal/animal_080_49TMUrNQDQ0.jpg,false,,animal
real_animal_animal_75_a_family_of_giraffes_by_a_few_zebras_and_a_gazelle.jpg,images/real/animal/animal_75_a_family_of_giraffes_by_a_few_zebras_and_a_gazelle.jpg,false,,animal
real_animal_animal_085_U9frYiUp1Qg.jpg,images/real/animal/animal_085_U9frYiUp1Qg.jpg,false,,animal
real_animal_animal_100_PJTfOzSo8fQ.jpg,images/real/animal/animal_100_PJTfOzSo8fQ.jpg,false,,animal
real_animal_animal_51_a_bunch_of_sheep_in_the_snow_behind_a_barbed_wire_fence.jpg,images/real/animal/animal_51_a_bunch_of_sheep_in_the_snow_behind_a_barbed_wire_fence.jpg,false,,animal
real_animal_animal_072_eX45lve1DIo.jpg,images/real/animal/animal_072_eX45lve1DIo.jpg,false,,animal
real_animal_animal_105_DORi0W_afqk.jpg,images/real/animal/animal_105_DORi0W_afqk.jpg,false,,animal
real_animal_animal_148_Xr4TYgSEXqQ.jpg,images/real/animal/animal_148_Xr4TYgSEXqQ.jpg,false,,animal
real_animal_animal_65_a_cats_sits_on_the_table_with_a_dog_outside.jpg,images/real/animal/animal_65_a_cats_sits_on_the_table_with_a_dog_outside.jpg,false,,animal
real_animal_animal_102_Cl8iDlk008c.jpg,images/real/animal/animal_102_Cl8iDlk008c.jpg,false,,animal
real_animal_animal_147_nlF8qaFWI0w.jpg,images/real/animal/animal_147_nlF8qaFWI0w.jpg,false,,animal
real_animal_animal_63_rear_view_mirror_reflection_showing_a_dog_in_the_back_seat.jpg,images/real/animal/animal_63_rear_view_mirror_reflection_showing_a_dog_in_the_back_seat.jpg,false,,animal
real_animal_animal_045_eo93HAoalwQ.jpg,images/real/animal/animal_045_eo93HAoalwQ.jpg,false,,animal
real_animal_animal_77_a_herd_of_sheep_standing_next_to_each_other_on_dirt_ground.jpg,images/real/animal/animal_77_a_herd_of_sheep_standing_next_to_each_other_on_dirt_ground.jpg,false,,animal
real_animal_animal_081_TNMOJYUteDU.jpg,images/real/animal/animal_081_TNMOJYUteDU.jpg,false,,animal
real_animal_animal_64_a_dog_following_a_man_on_his_horse_in_a_field.jpg,images/real/animal/animal_64_a_dog_following_a_man_on_his_horse_in_a_field.jpg,false,,animal
real_animal_animal_120_EdlNaRhg9ik.jpg,images/real/animal/animal_120_EdlNaRhg9ik.jpg,false,,animal
real_animal_animal_052_tmrQPLJpBrk.jpg,images/real/animal/animal_052_tmrQPLJpBrk.jpg,false,,animal
real_animal_animal_129_IwiaImVNcQU.jpg,images/real/animal/animal_129_IwiaImVNcQU.jpg,false,,animal
real_animal_animal_042_1qT-zMTRFp0.jpg,images/real/animal/animal_042_1qT-zMTRFp0.jpg,false,,animal
real_animal_animal_74_a_cat_standing_on_the_edge_of_a_sink_drink_water.jpg,images/real/animal/animal_74_a_cat_standing_on_the_edge_of_a_sink_drink_water.jpg,false,,animal
real_animal_animal_125_snhqHThkCRE.jpg,images/real/animal/animal_125_snhqHThkCRE.jpg,false,,animal
real_animal_animal_153_FBOP5an6h74.jpg,images/real/animal/animal_153_FBOP5an6h74.jpg,false,,animal
real_animal_animal_66_a_bunch_of_sheep_make_their_way_through_the_crowded_city_str.jpg,images/real/animal/animal_66_a_bunch_of_sheep_make_their_way_through_the_crowded_city_str.jpg,false,,animal
real_animal_animal_168_g9M46POadWU.jpg,images/real/animal/animal_168_g9M46POadWU.jpg,false,,animal
real_animal_animal_101_iQC6u4ejuGE.jpg,images/real/animal/animal_101_iQC6u4ejuGE.jpg,false,,animal
real_animal_animal_57_a_cat_walking_through_a_kitchen_by_a_eating_tray.jpg,images/real/animal/animal_57_a_cat_walking_through_a_kitchen_by_a_eating_tray.jpg,false,,animal
real_animal_animal_149_E12vXZq9AZA.jpg,images/real/animal/animal_149_E12vXZq9AZA.jpg,false,,animal
real_animal_animal_156_yiwB58St4bE.jpg,images/real/animal/animal_156_yiwB58St4bE.jpg,false,,animal
real_animal_animal_093_mYxtYpSJvbw.jpg,images/real/animal/animal_093_mYxtYpSJvbw.jpg,false,,animal
real_animal_animal_165_PChlguQgbCw.jpg,images/real/animal/animal_165_PChlguQgbCw.jpg,false,,animal
real_animal_animal_62_a_cat_eating_a_bird_it_has_caught.jpg,images/real/animal/animal_62_a_cat_eating_a_bird_it_has_caught.jpg,false,,animal
real_animal_animal_084_QRzQlECEbsk.jpg,images/real/animal/animal_084_QRzQlECEbsk.jpg,false,,animal
real_animal_animal_109_P6InS7LxUS4.jpg,images/real/animal/animal_109_P6InS7LxUS4.jpg,false,,animal
real_animal_animal_121_ZOGamuDrPJw.jpg,images/real/animal/animal_121_ZOGamuDrPJw.jpg,false,,animal
real_animal_animal_81_three_sheep_are_grazing_in_the_field_next_to_the_water.jpg,images/real/animal/animal_81_three_sheep_are_grazing_in_the_field_next_to_the_water.jpg,false,,animal
real_animal_animal_157_VSVcEzWsqyc.jpg,images/real/animal/animal_157_VSVcEzWsqyc.jpg,false,,animal
real_animal_animal_80_many_woolly_sheep_standing_together_in_the_field.jpg,images/real/animal/animal_80_many_woolly_sheep_standing_together_in_the_field.jpg,false,,animal
real_animal_animal_090_fRJGUAQ6uNg.jpg,images/real/animal/animal_090_fRJGUAQ6uNg.jpg,false,,animal
real_animal_animal_110_HPHtMOJvHDM.jpg,images/real/animal/animal_110_HPHtMOJvHDM.jpg,false,,animal
real_animal_animal_055_feos9QXjxJY.jpg,images/real/animal/animal_055_feos9QXjxJY.jpg,false,,animal
real_animal_animal_069_q0J6zQPO-zw.jpg,images/real/animal/animal_069_q0J6zQPO-zw.jpg,false,,animal
real_animal_animal_58_two_men_herding_a_pack_of_elephants_across_a_field.jpg,images/real/animal/animal_58_two_men_herding_a_pack_of_elephants_across_a_field.jpg,false,,animal
real_animal_animal_104_1Ytzecs_XU4.jpg,images/real/animal/animal_104_1Ytzecs_XU4.jpg,false,,animal
real_animal_animal_55_a_horse_in_a_pasture_of_tall_grass_observing_an_energetic_do.jpg,images/real/animal/animal_55_a_horse_in_a_pasture_of_tall_grass_observing_an_energetic_do.jpg,false,,animal
real_animal_animal_079_m_wgaQ-sQPQ.jpg,images/real/animal/animal_079_m_wgaQ-sQPQ.jpg,false,,animal
real_animal_animal_112_cPyHO3eDlsE.jpg,images/real/animal/animal_112_cPyHO3eDlsE.jpg,false,,animal
real_animal_animal_034_-Ylz_tc8NOk.jpg,images/real/animal/animal_034_-Ylz_tc8NOk.jpg,false,,animal
real_animal_animal_051_PpwK032gSao.jpg,images/real/animal/animal_051_PpwK032gSao.jpg,false,,animal
real_animal_animal_099_m5Zy3Ulb3g0.jpg,images/real/animal/animal_099_m5Zy3Ulb3g0.jpg,false,,animal
real_animal_animal_059_2_3g53wNQk8.jpg,images/real/animal/animal_059_2_3g53wNQk8.jpg,false,,animal
real_animal_animal_039_i_Z1o10BPPk.jpg,images/real/animal/animal_039_i_Z1o10BPPk.jpg,false,,animal
real_animal_animal_136_fXqOgYJgNBk.jpg,images/real/animal/animal_136_fXqOgYJgNBk.jpg,false,,animal
real_animal_animal_59_a_dog_standing_on_the_back_of_a_brown_car.jpg,images/real/animal/animal_59_a_dog_standing_on_the_back_of_a_brown_car.jpg,false,,animal
real_animal_animal_119_70s5ZKzNkac.jpg,images/real/animal/animal_119_70s5ZKzNkac.jpg,false,,animal
real_animal_animal_52_a_cat_sitting_on_the_floor_watching_television.jpg,images/real/animal/animal_52_a_cat_sitting_on_the_floor_watching_television.jpg,false,,animal
real_animal_animal_82_a_couple_of_cows_and_some_birds_flying_in_the_sky.jpg,images/real/animal/animal_82_a_couple_of_cows_and_some_birds_flying_in_the_sky.jpg,false,,animal
real_animal_animal_154_IHHiw3VMZvc.jpg,images/real/animal/animal_154_IHHiw3VMZvc.jpg,false,,animal
real_animal_animal_035_vQvq16ZQM60.jpg,images/real/animal/animal_035_vQvq16ZQM60.jpg,false,,animal
real_animal_animal_54_a_man_riding_a_horse_drawn_carriage_on_a_race_track.jpg,images/real/animal/animal_54_a_man_riding_a_horse_drawn_carriage_on_a_race_track.jpg,false,,animal
real_animal_animal_117_DmnOlnAWRdE.jpg,images/real/animal/animal_117_DmnOlnAWRdE.jpg,false,,animal
real_animal_animal_040_7jXA55Tl4xU.jpg,images/real/animal/animal_040_7jXA55Tl4xU.jpg,false,,animal
real_animal_animal_68_a_cat_outside_looking_through_a_window.jpg,images/real/animal/animal_68_a_cat_outside_looking_through_a_window.jpg,false,,animal
real_animal_animal_159_gjDKWxrKrgk.jpg,images/real/animal/animal_159_gjDKWxrKrgk.jpg,false,,animal
real_animal_animal_076_JHxFiw603QA.jpg,images/real/animal/animal_076_JHxFiw603QA.jpg,false,,animal
real_animal_animal_162_vLCMWwg5TAs.jpg,images/real/animal/animal_162_vLCMWwg5TAs.jpg,false,,animal
real_animal_animal_128_dtYCvr0r_X4.jpg,images/real/animal/animal_128_dtYCvr0r_X4.jpg,false,,animal
real_animal_animal_057_n4tWGvk_gWY.jpg,images/real/animal/animal_057_n4tWGvk_gWY.jpg,false,,animal
real_animal_animal_146_tvH8ECkyQKI.jpg,images/real/animal/animal_146_tvH8ECkyQKI.jpg,false,,animal
real_animal_animal_67_a_sheepdog_runs_around_a_herd_of_cows_in_a_fencedin_field.jpg,images/real/animal/animal_67_a_sheepdog_runs_around_a_herd_of_cows_in_a_fencedin_field.jpg,false,,animal
real_animal_animal_72_a_cat_sprawled_out_over_the_top_of_a_laptop_computer_keyboar.jpg,images/real/animal/animal_72_a_cat_sprawled_out_over_the_top_of_a_laptop_computer_keyboar.jpg,false,,animal
real_animal_animal_167_u3XMyl-4OSY.jpg,images/real/animal/animal_167_u3XMyl-4OSY.jpg,false,,animal
real_animal_animal_106_ejAz1xfCyNM.jpg,images/real/animal/animal_106_ejAz1xfCyNM.jpg,false,,animal
real_animal_animal_086_YSoqrTfEWcI.jpg,images/real/animal/animal_086_YSoqrTfEWcI.jpg,false,,animal
real_animal_animal_116_dSAzIH5UtOI.jpg,images/real/animal/animal_116_dSAzIH5UtOI.jpg,false,,animal
real_animal_animal_073_MVQPTvPYsJs.jpg,images/real/animal/animal_073_MVQPTvPYsJs.jpg,false,,animal
real_animal_animal_065_M8uSC8OPXco.jpg,images/real/animal/animal_065_M8uSC8OPXco.jpg,false,,animal
real_animal_animal_137_lHeXOpxzok8.jpg,images/real/animal/animal_137_lHeXOpxzok8.jpg,false,,animal
real_animal_animal_71_a_black_ct_with_green_eyes_sitting_in_the_sun.jpg,images/real/animal/animal_71_a_black_ct_with_green_eyes_sitting_in_the_sun.jpg,false,,animal
real_animal_animal_135_Tu_lH5CFFZw.jpg,images/real/animal/animal_135_Tu_lH5CFFZw.jpg,false,,animal
real_animal_animal_130_vPyhiJjBlSM.jpg,images/real/animal/animal_130_vPyhiJjBlSM.jpg,false,,animal
real_landscape_landscape_80_this_highway_is_empty_this_early_on_the_morning.jpg,images/real/landscape/landscape_80_this_highway_is_empty_this_early_on_the_morning.jpg,false,,landscape
real_landscape_landscape_59_a_passenger_bus_that_is_parked_in_a_parking_lot.jpg,images/real/landscape/landscape_59_a_passenger_bus_that_is_parked_in_a_parking_lot.jpg,false,,landscape
real_landscape_landscape_073_gtabImSzH-g.jpg,images/real/landscape/landscape_073_gtabImSzH-g.jpg,false,,landscape
real_landscape_landscape_160_yaj-SndYOb0.jpg,images/real/landscape/landscape_160_yaj-SndYOb0.jpg,false,,landscape
real_landscape_landscape_140_pNMH4SDf8us.jpg,images/real/landscape/landscape_140_pNMH4SDf8us.jpg,false,,landscape
real_landscape_landscape_117_KQX4AEXEV1g.jpg,images/real/landscape/landscape_117_KQX4AEXEV1g.jpg,false,,landscape
real_landscape_landscape_056_TqfJUbdnCxM.jpg,images/real/landscape/landscape_056_TqfJUbdnCxM.jpg,false,,landscape
real_landscape_landscape_05_foggy_forest_hills.jpg,images/real/landscape/landscape_05_foggy_forest_hills.jpg,false,,landscape
real_landscape_landscape_118_z7IW1w4C870.jpg,images/real/landscape/landscape_118_z7IW1w4C870.jpg,false,,landscape
real_landscape_landscape_135_Bwkl85sszNM.jpg,images/real/landscape/landscape_135_Bwkl85sszNM.jpg,false,,landscape
real_landscape_landscape_053_E9CrQou9K0Y.jpg,images/real/landscape/landscape_053_E9CrQou9K0Y.jpg,false,,landscape
real_landscape_landscape_064_pnFNoPuilVI.jpg,images/real/landscape/landscape_064_pnFNoPuilVI.jpg,false,,landscape
real_landscape_landscape_154_VFjGgIGNWlI.jpg,images/real/landscape/landscape_154_VFjGgIGNWlI.jpg,false,,landscape
real_landscape_landscape_09_starry_night_mountains.jpg,images/real/landscape/landscape_09_starry_night_mountains.jpg,false,,landscape
real_landscape_landscape_124__rsGm7nob3w.jpg,images/real/landscape/landscape_124__rsGm7nob3w.jpg,false,,landscape
real_landscape_landscape_079_n6hzRDQ9CM8.jpg,images/real/landscape/landscape_079_n6hzRDQ9CM8.jpg,false,,landscape
real_landscape_landscape_095_YzJlElq6Pc0.jpg,images/real/landscape/landscape_095_YzJlElq6Pc0.jpg,false,,landscape
real_landscape_landscape_098_F4dGVi1g8rQ.jpg,images/real/landscape/landscape_098_F4dGVi1g8rQ.jpg,false,,landscape
real_landscape_landscape_062_oGrOhXJaHME.jpg,images/real/landscape/landscape_062_oGrOhXJaHME.jpg,false,,landscape
real_landscape_landscape_68_a_wooden_bench_and_a_fire_hydrant_on_a_field.jpg,images/real/landscape/landscape_68_a_wooden_bench_and_a_fire_hydrant_on_a_field.jpg,false,,landscape
real_landscape_landscape_119_ENkQJj-7orc.jpg,images/real/landscape/landscape_119_ENkQJj-7orc.jpg,false,,landscape
real_landscape_landscape_81_a_dog_rests_his_head_on_the_edge_of_a_boat_at_sea.jpg,images/real/landscape/landscape_81_a_dog_rests_his_head_on_the_edge_of_a_boat_at_sea.jpg,false,,landscape
real_landscape_landscape_51_a_green_traffic_light_suspended_above_a_street.jpg,images/real/landscape/landscape_51_a_green_traffic_light_suspended_above_a_street.jpg,false,,landscape
real_landscape_landscape_085_cCthPLHmrzI.jpg,images/real/landscape/landscape_085_cCthPLHmrzI.jpg,false,,landscape
real_landscape_landscape_060_jdaigQmK-qA.jpg,images/real/landscape/landscape_060_jdaigQmK-qA.jpg,false,,landscape
real_landscape_landscape_58_a_passenger_train_that_has_some_graffiti_on_it.jpg,images/real/landscape/landscape_58_a_passenger_train_that_has_some_graffiti_on_it.jpg,false,,landscape
real_landscape_landscape_077_ID4OhGirKvg.jpg,images/real/landscape/landscape_077_ID4OhGirKvg.jpg,false,,landscape
real_landscape_landscape_133_-5eZ1-Ie68w.jpg,images/real/landscape/landscape_133_-5eZ1-Ie68w.jpg,false,,landscape
real_landscape_landscape_086_ke-voL7t_I8.jpg,images/real/landscape/landscape_086_ke-voL7t_I8.jpg,false,,landscape
real_landscape_landscape_143_-hbbmFHQYiw.jpg,images/real/landscape/landscape_143_-hbbmFHQYiw.jpg,false,,landscape
real_landscape_landscape_080_1DPIP44atys.jpg,images/real/landscape/landscape_080_1DPIP44atys.jpg,false,,landscape
real_landscape_landscape_110_02YdrfDb3UE.jpg,images/real/landscape/landscape_110_02YdrfDb3UE.jpg,false,,landscape
real_landscape_landscape_116_sNKwtrVQ4hU.jpg,images/real/landscape/landscape_116_sNKwtrVQ4hU.jpg,false,,landscape
real_landscape_landscape_157_nMhbF-YMdXE.jpg,images/real/landscape/landscape_157_nMhbF-YMdXE.jpg,false,,landscape
real_landscape_landscape_051_4k8UHZC1-6k.jpg,images/real/landscape/landscape_051_4k8UHZC1-6k.jpg,false,,landscape
real_landscape_landscape_161_CL665uHJb7c.jpg,images/real/landscape/landscape_161_CL665uHJb7c.jpg,false,,landscape
real_landscape_landscape_093_UazfuoH2sRU.jpg,images/real/landscape/landscape_093_UazfuoH2sRU.jpg,false,,landscape
real_landscape_landscape_55_a_green_traffic_light_a_street_some_buildings_and_some_other.jpg,images/real/landscape/landscape_55_a_green_traffic_light_a_street_some_buildings_and_some_other.jpg,false,,landscape
real_landscape_landscape_82_a_large_bus_on_the_side_of_the_road.jpg,images/real/landscape/landscape_82_a_large_bus_on_the_side_of_the_road.jpg,false,,landscape
real_landscape_landscape_045_W3wgy9tDgto.jpg,images/real/landscape/landscape_045_W3wgy9tDgto.jpg,false,,landscape
real_landscape_landscape_120_afwi-D9xmt4.jpg,images/real/landscape/landscape_120_afwi-D9xmt4.jpg,false,,landscape
real_landscape_landscape_099_kDrTt4sCC7I.jpg,images/real/landscape/landscape_099_kDrTt4sCC7I.jpg,false,,landscape
real_landscape_landscape_167_60cbKmNJ-ls.jpg,images/real/landscape/landscape_167_60cbKmNJ-ls.jpg,false,,landscape
real_landscape_landscape_046_wgH3Lzgmm_c.jpg,images/real/landscape/landscape_046_wgH3Lzgmm_c.jpg,false,,landscape
real_landscape_landscape_072_jYkvecfWgx0.jpg,images/real/landscape/landscape_072_jYkvecfWgx0.jpg,false,,landscape
real_landscape_landscape_048_PA0KerQ0lHg.jpg,images/real/landscape/landscape_048_PA0KerQ0lHg.jpg,false,,landscape
real_landscape_landscape_126_Cmjq13jc_2g.jpg,images/real/landscape/landscape_126_Cmjq13jc_2g.jpg,false,,landscape
real_landscape_landscape_081_0PgC0jve7u4.jpg,images/real/landscape/landscape_081_0PgC0jve7u4.jpg,false,,landscape
real_landscape_landscape_06_waterfall_in_forest.jpg,images/real/landscape/landscape_06_waterfall_in_forest.jpg,false,,landscape
real_landscape_landscape_77_rear_view_mirror_reflection_showing_a_dog_in_the_back_seat.jpg,images/real/landscape/landscape_77_rear_view_mirror_reflection_showing_a_dog_in_the_back_seat.jpg,false,,landscape
real_landscape_landscape_147_bUhzlj3gGso.jpg,images/real/landscape/landscape_147_bUhzlj3gGso.jpg,false,,landscape
real_landscape_landscape_69_a_yellow_bus_that_is_sitting_in_the_grass.jpg,images/real/landscape/landscape_69_a_yellow_bus_that_is_sitting_in_the_grass.jpg,false,,landscape
real_landscape_landscape_067_LLD9FKRoqDc.jpg,images/real/landscape/landscape_067_LLD9FKRoqDc.jpg,false,,landscape
real_landscape_landscape_115_q2Cv_B3_AZI.jpg,images/real/landscape/landscape_115_q2Cv_B3_AZI.jpg,false,,landscape
real_landscape_landscape_125_4UfCRXv_tGM.jpg,images/real/landscape/landscape_125_4UfCRXv_tGM.jpg,false,,landscape
real_landscape_landscape_092__XHphe2atWM.jpg,images/real/landscape/landscape_092__XHphe2atWM.jpg,false,,landscape
real_landscape_landscape_109_-UsvhirEIeI.jpg,images/real/landscape/landscape_109_-UsvhirEIeI.jpg,false,,landscape
real_landscape_landscape_129_5LyYqPEv8w0.jpg,images/real/landscape/landscape_129_5LyYqPEv8w0.jpg,false,,landscape
real_landscape_landscape_070_uQDRDqpYJHI.jpg,images/real/landscape/landscape_070_uQDRDqpYJHI.jpg,false,,landscape
real_landscape_landscape_71_a_black_and_white_photo_of_a_train.jpg,images/real/landscape/landscape_71_a_black_and_white_photo_of_a_train.jpg,false,,landscape
real_landscape_landscape_057_C69YOsY9lYg.jpg,images/real/landscape/landscape_057_C69YOsY9lYg.jpg,false,,landscape
real_landscape_landscape_089_zjOv1yyUzQg.jpg,images/real/landscape/landscape_089_zjOv1yyUzQg.jpg,false,,landscape
real_landscape_landscape_130_qOxQEA8obSg.jpg,images/real/landscape/landscape_130_qOxQEA8obSg.jpg,false,,landscape
real_landscape_landscape_163_Bz4dHv-9PFQ.jpg,images/real/landscape/landscape_163_Bz4dHv-9PFQ.jpg,false,,landscape
real_landscape_landscape_071_zjqqKVQZoNg.jpg,images/real/landscape/landscape_071_zjqqKVQZoNg.jpg,false,,landscape
real_landscape_landscape_76_a_blue_rusted_train_engine_sitting_on_top_of_rail_tracks.jpg,images/real/landscape/landscape_76_a_blue_rusted_train_engine_sitting_on_top_of_rail_tracks.jpg,false,,landscape
real_landscape_landscape_114_FCPJn1NeFdI.jpg,images/real/landscape/landscape_114_FCPJn1NeFdI.jpg,false,,landscape
real_landscape_landscape_156_pcgo3E7vJr4.jpg,images/real/landscape/landscape_156_pcgo3E7vJr4.jpg,false,,landscape
real_landscape_landscape_075_G86MS2ZsiJA.jpg,images/real/landscape/landscape_075_G86MS2ZsiJA.jpg,false,,landscape
real_landscape_landscape_059_i7OiHRQkJHY.jpg,images/real/landscape/landscape_059_i7OiHRQkJHY.jpg,false,,landscape
real_landscape_landscape_164_tMYDgAySy9w.jpg,images/real/landscape/landscape_164_tMYDgAySy9w.jpg,false,,landscape
real_landscape_landscape_84_part_of_train_car_with_a_door_to_the_rear_connected_to_the_c.jpg,images/real/landscape/landscape_84_part_of_train_car_with_a_door_to_the_rear_connected_to_the_c.jpg,false,,landscape
real_landscape_landscape_083_DlCr9IujpJI.jpg,images/real/landscape/landscape_083_DlCr9IujpJI.jpg,false,,landscape
real_landscape_landscape_04_dramatic_mountain_valley.jpg,images/real/landscape/landscape_04_dramatic_mountain_valley.jpg,false,,landscape
real_landscape_landscape_02_sunset_over_mountains.jpg,images/real/landscape/landscape_02_sunset_over_mountains.jpg,false,,landscape
real_landscape_landscape_53_a_train_of_many_colors_is_coming_down_the_track.jpg,images/real/landscape/landscape_53_a_train_of_many_colors_is_coming_down_the_track.jpg,false,,landscape
real_landscape_landscape_100_xpLNPVL3IJA.jpg,images/real/landscape/landscape_100_xpLNPVL3IJA.jpg,false,,landscape
real_landscape_landscape_153_6SGsL73EbKM.jpg,images/real/landscape/landscape_153_6SGsL73EbKM.jpg,false,,landscape
real_landscape_landscape_107_cssvEZacHvQ.jpg,images/real/landscape/landscape_107_cssvEZacHvQ.jpg,false,,landscape
real_landscape_landscape_79_an_orange_train_traveling_along_train_tracks_near_a_train_ya.jpg,images/real/landscape/landscape_79_an_orange_train_traveling_along_train_tracks_near_a_train_ya.jpg,false,,landscape
real_landscape_landscape_090_tZaA8VqJG3g.jpg,images/real/landscape/landscape_090_tZaA8VqJG3g.jpg,false,,landscape
real_landscape_landscape_73_a_tall_church_tower_sitting_on_the_side_of_a_road.jpg,images/real/landscape/landscape_73_a_tall_church_tower_sitting_on_the_side_of_a_road.jpg,false,,landscape
real_landscape_landscape_61_a_wooden_bench_sitting_outside_of_a_home.jpg,images/real/landscape/landscape_61_a_wooden_bench_sitting_outside_of_a_home.jpg,false,,landscape
real_landscape_landscape_03_lake_reflection.jpg,images/real/landscape/landscape_03_lake_reflection.jpg,false,,landscape
real_landscape_landscape_155_DqIyKlJa-2s.jpg,images/real/landscape/landscape_155_DqIyKlJa-2s.jpg,false,,landscape
real_landscape_landscape_105_ur4NB1f3kQ8.jpg,images/real/landscape/landscape_105_ur4NB1f3kQ8.jpg,false,,landscape
real_landscape_landscape_128_MasnAA5KqDY.jpg,images/real/landscape/landscape_128_MasnAA5KqDY.jpg,false,,landscape
real_landscape_landscape_134_1pFIPoOa--Y.jpg,images/real/landscape/landscape_134_1pFIPoOa--Y.jpg,false,,landscape
real_landscape_landscape_097_1U6EOU8hiTM.jpg,images/real/landscape/landscape_097_1U6EOU8hiTM.jpg,false,,landscape
real_landscape_landscape_047_58Mkqady7lE.jpg,images/real/landscape/landscape_047_58Mkqady7lE.jpg,false,,landscape
real_landscape_landscape_102_T-AOFf2B8Zw.jpg,images/real/landscape/landscape_102_T-AOFf2B8Zw.jpg,false,,landscape
real_landscape_landscape_83_a_small_bus_parked_in_front_of_a_bus_stop.jpg,images/real/landscape/landscape_83_a_small_bus_parked_in_front_of_a_bus_stop.jpg,false,,landscape
real_landscape_landscape_162_3m4lH961q20.jpg,images/real/landscape/landscape_162_3m4lH961q20.jpg,false,,landscape
real_landscape_landscape_122_K5eIMIz8kaI.jpg,images/real/landscape/landscape_122_K5eIMIz8kaI.jpg,false,,landscape
real_landscape_landscape_069_TdoxXD7aGv8.jpg,images/real/landscape/landscape_069_TdoxXD7aGv8.jpg,false,,landscape
real_landscape_landscape_165_C2YORgsJqXs.jpg,images/real/landscape/landscape_165_C2YORgsJqXs.jpg,false,,landscape
real_landscape_landscape_152_ayzzI9nOjWY.jpg,images/real/landscape/landscape_152_ayzzI9nOjWY.jpg,false,,landscape
real_landscape_landscape_54_white_birds_are_gathered_around_a_water_puddle.jpg,images/real/landscape/landscape_54_white_birds_are_gathered_around_a_water_puddle.jpg,false,,landscape
real_landscape_landscape_078_TnLdd0LMfwk.jpg,images/real/landscape/landscape_078_TnLdd0LMfwk.jpg,false,,landscape
real_landscape_landscape_068_aqS6bCynDv8.jpg,images/real/landscape/landscape_068_aqS6bCynDv8.jpg,false,,landscape
real_landscape_landscape_07_desert_dunes.jpg,images/real/landscape/landscape_07_desert_dunes.jpg,false,,landscape
real_landscape_landscape_166_ioAK4HESn6k.jpg,images/real/landscape/landscape_166_ioAK4HESn6k.jpg,false,,landscape
real_landscape_landscape_111_62_2KGyX13E.jpg,images/real/landscape/landscape_111_62_2KGyX13E.jpg,false,,landscape
real_landscape_landscape_60_a_red_and_silver_fire_hydrant_sitting_on_top_of_a_sidewalk.jpg,images/real/landscape/landscape_60_a_red_and_silver_fire_hydrant_sitting_on_top_of_a_sidewalk.jpg,false,,landscape
real_landscape_landscape_158_QAXDmkU60OU.jpg,images/real/landscape/landscape_158_QAXDmkU60OU.jpg,false,,landscape
real_landscape_landscape_138_78wDBw9ajUk.jpg,images/real/landscape/landscape_138_78wDBw9ajUk.jpg,false,,landscape
real_landscape_landscape_142_3bsVcAbqS7Q.jpg,images/real/landscape/landscape_142_3bsVcAbqS7Q.jpg,false,,landscape
real_landscape_landscape_131_hoAFrPJlbT0.jpg,images/real/landscape/landscape_131_hoAFrPJlbT0.jpg,false,,landscape
real_landscape_landscape_106_hu8Mp-XTksA.jpg,images/real/landscape/landscape_106_hu8Mp-XTksA.jpg,false,,landscape
real_landscape_landscape_082_ercx7zE_Mzo.jpg,images/real/landscape/landscape_082_ercx7zE_Mzo.jpg,false,,landscape
real_landscape_landscape_132_zUEjNDEEca8.jpg,images/real/landscape/landscape_132_zUEjNDEEca8.jpg,false,,landscape
real_landscape_landscape_78_a_yellow_bus_is_on_a_street_near_a_black_guard_rail.jpg,images/real/landscape/landscape_78_a_yellow_bus_is_on_a_street_near_a_black_guard_rail.jpg,false,,landscape
real_landscape_landscape_159_G4su92tyImI.jpg,images/real/landscape/landscape_159_G4su92tyImI.jpg,false,,landscape
real_landscape_landscape_088_N22iRE8u3MU.jpg,images/real/landscape/landscape_088_N22iRE8u3MU.jpg,false,,landscape
real_landscape_landscape_168_r-PPOX0QQ1g.jpg,images/real/landscape/landscape_168_r-PPOX0QQ1g.jpg,false,,landscape
real_landscape_landscape_074_r2Ug9sXPEHA.jpg,images/real/landscape/landscape_074_r2Ug9sXPEHA.jpg,false,,landscape
real_landscape_landscape_57_a_yellow_and_green_train_at_stop_lights.jpg,images/real/landscape/landscape_57_a_yellow_and_green_train_at_stop_lights.jpg,false,,landscape
real_landscape_landscape_146__MCLUFQlZ_c.jpg,images/real/landscape/landscape_146__MCLUFQlZ_c.jpg,false,,landscape
real_landscape_landscape_096_3eC5n6gHwe8.jpg,images/real/landscape/landscape_096_3eC5n6gHwe8.jpg,false,,landscape
real_landscape_landscape_063_Lm6mqM_KqQY.jpg,images/real/landscape/landscape_063_Lm6mqM_KqQY.jpg,false,,landscape
real_landscape_landscape_145_xZX3pXjQQSw.jpg,images/real/landscape/landscape_145_xZX3pXjQQSw.jpg,false,,landscape
real_landscape_landscape_74_a_bathroom_with_some_orange_walls_and_a_black_and_white_coun.jpg,images/real/landscape/landscape_74_a_bathroom_with_some_orange_walls_and_a_black_and_white_coun.jpg,false,,landscape
real_landscape_landscape_136_awNpFWNTGFY.jpg,images/real/landscape/landscape_136_awNpFWNTGFY.jpg,false,,landscape
real_landscape_landscape_061_bk4hN4Jvnac.jpg,images/real/landscape/landscape_061_bk4hN4Jvnac.jpg,false,,landscape
real_landscape_landscape_121_JtVkmKQ1FQI.jpg,images/real/landscape/landscape_121_JtVkmKQ1FQI.jpg,false,,landscape
real_landscape_landscape_104_6gt7AoSk5pQ.jpg,images/real/landscape/landscape_104_6gt7AoSk5pQ.jpg,false,,landscape
real_landscape_landscape_139_aoWukdAWJno.jpg,images/real/landscape/landscape_139_aoWukdAWJno.jpg,false,,landscape
real_landscape_landscape_75_a_city_traffic_signal_and_street_at_night.jpg,images/real/landscape/landscape_75_a_city_traffic_signal_and_street_at_night.jpg,false,,landscape
real_landscape_landscape_055_ixbSaWYYOwY.jpg,images/real/landscape/landscape_055_ixbSaWYYOwY.jpg,false,,landscape
real_landscape_landscape_137_9CkGNheiEFQ.jpg,images/real/landscape/landscape_137_9CkGNheiEFQ.jpg,false,,landscape
real_landscape_landscape_066_7AKHr2kdmAc.jpg,images/real/landscape/landscape_066_7AKHr2kdmAc.jpg,false,,landscape
real_landscape_landscape_08_ocean_waves_beach.jpg,images/real/landscape/landscape_08_ocean_waves_beach.jpg,false,,landscape
real_landscape_landscape_076_OrkbCipJriw.jpg,images/real/landscape/landscape_076_OrkbCipJriw.jpg,false,,landscape
real_landscape_landscape_113_etJBEUW4ZDg.jpg,images/real/landscape/landscape_113_etJBEUW4ZDg.jpg,false,,landscape
real_landscape_landscape_123_ac9BZlaKuG4.jpg,images/real/landscape/landscape_123_ac9BZlaKuG4.jpg,false,,landscape
real_landscape_landscape_049_yFCXHHLEZA0.jpg,images/real/landscape/landscape_049_yFCXHHLEZA0.jpg,false,,landscape
real_landscape_landscape_151_OueojWSe66o.jpg,images/real/landscape/landscape_151_OueojWSe66o.jpg,false,,landscape
real_landscape_landscape_087_NW-WPrJoyzc.jpg,images/real/landscape/landscape_087_NW-WPrJoyzc.jpg,false,,landscape
real_landscape_landscape_62_two_large_jets_sitting_on_top_of_an_airport_runway.jpg,images/real/landscape/landscape_62_two_large_jets_sitting_on_top_of_an_airport_runway.jpg,false,,landscape
real_landscape_landscape_67_an_image_of_a_subway_bus_going_thru_the_subway_station.jpg,images/real/landscape/landscape_67_an_image_of_a_subway_bus_going_thru_the_subway_station.jpg,false,,landscape
real_landscape_landscape_64_a_bird_sitting_on_top_of_a_park_bench.jpg,images/real/landscape/landscape_64_a_bird_sitting_on_top_of_a_park_bench.jpg,false,,landscape
real_landscape_landscape_141_F0_qeY5OWJE.jpg,images/real/landscape/landscape_141_F0_qeY5OWJE.jpg,false,,landscape
real_landscape_landscape_149_zMhnN9FpDBE.jpg,images/real/landscape/landscape_149_zMhnN9FpDBE.jpg,false,,landscape
real_landscape_landscape_56_a_train_on_the_tracks_out_in_the_country.jpg,images/real/landscape/landscape_56_a_train_on_the_tracks_out_in_the_country.jpg,false,,landscape
real_landscape_landscape_103_Yd6TC3qee6M.jpg,images/real/landscape/landscape_103_Yd6TC3qee6M.jpg,false,,landscape
real_landscape_landscape_052_Xaje8s7H9Cw.jpg,images/real/landscape/landscape_052_Xaje8s7H9Cw.jpg,false,,landscape
real_landscape_landscape_01_mountain_peaks_with_snow.jpg,images/real/landscape/landscape_01_mountain_peaks_with_snow.jpg,false,,landscape
real_landscape_landscape_058_CPIQfMbSjmM.jpg,images/real/landscape/landscape_058_CPIQfMbSjmM.jpg,false,,landscape
real_landscape_landscape_065_xMMh-VFGL9M.jpg,images/real/landscape/landscape_065_xMMh-VFGL9M.jpg,false,,landscape
real_landscape_landscape_72_a_street_corner_with_a_brown_and_white_building_on_it.jpg,images/real/landscape/landscape_72_a_street_corner_with_a_brown_and_white_building_on_it.jpg,false,,landscape
real_landscape_landscape_094_8v_1afZJpg4.jpg,images/real/landscape/landscape_094_8v_1afZJpg4.jpg,false,,landscape
real_landscape_landscape_150_NoSRqbXJY68.jpg,images/real/landscape/landscape_150_NoSRqbXJY68.jpg,false,,landscape
real_landscape_landscape_144_MZxQoMVN518.jpg,images/real/landscape/landscape_144_MZxQoMVN518.jpg,false,,landscape
real_landscape_landscape_63_a_pole_with_a_street_light_and_signs_next_to_a_bare_tree.jpg,images/real/landscape/landscape_63_a_pole_with_a_street_light_and_signs_next_to_a_bare_tree.jpg,false,,landscape
real_landscape_landscape_127_uFdsMOjWX58.jpg,images/real/landscape/landscape_127_uFdsMOjWX58.jpg,false,,landscape
real_landscape_landscape_101_C27Jip4jz4k.jpg,images/real/landscape/landscape_101_C27Jip4jz4k.jpg,false,,landscape
real_landscape_landscape_050_nlllZxwRoLM.jpg,images/real/landscape/landscape_050_nlllZxwRoLM.jpg,false,,landscape
real_landscape_landscape_054_R0hVu1Mqo7A.jpg,images/real/landscape/landscape_054_R0hVu1Mqo7A.jpg,false,,landscape
real_landscape_landscape_170_rGmCuOfPwnk.jpg,images/real/landscape/landscape_170_rGmCuOfPwnk.jpg,false,,landscape
real_landscape_landscape_52_the_train_engine_is_followed_by_a_line_of_open_cars.jpg,images/real/landscape/landscape_52_the_train_engine_is_followed_by_a_line_of_open_cars.jpg,false,,landscape
real_landscape_landscape_50_a_green_bench_sitting_on_the_side_of_a_sidewalk.jpg,images/real/landscape/landscape_50_a_green_bench_sitting_on_the_side_of_a_sidewalk.jpg,false,,landscape
real_landscape_landscape_65_these_toilets_are_being_used_outside_as_decor.jpg,images/real/landscape/landscape_65_these_toilets_are_being_used_outside_as_decor.jpg,false,,landscape
real_landscape_landscape_148_qgfiux6vEmc.jpg,images/real/landscape/landscape_148_qgfiux6vEmc.jpg,false,,landscape
real_landscape_landscape_169_TWvnc-oToE4.jpg,images/real/landscape/landscape_169_TWvnc-oToE4.jpg,false,,landscape
real_landscape_landscape_112_hfxvkEzd_I0.jpg,images/real/landscape/landscape_112_hfxvkEzd_I0.jpg,false,,landscape
real_landscape_landscape_70_a_semi_truck_is_driving_down_a_street.jpg,images/real/landscape/landscape_70_a_semi_truck_is_driving_down_a_street.jpg,false,,landscape
real_landscape_landscape_084_uzWLhB7n3m8.jpg,images/real/landscape/landscape_084_uzWLhB7n3m8.jpg,false,,landscape
real_landscape_landscape_091_Bch-Zl9ZUc8.jpg,images/real/landscape/landscape_091_Bch-Zl9ZUc8.jpg,false,,landscape
real_landscape_landscape_66_a_few_meters_are_sitting_near_an_air_plane.jpg,images/real/landscape/landscape_66_a_few_meters_are_sitting_near_an_air_plane.jpg,false,,landscape
real_landscape_landscape_108_LpryxGvyY-8.jpg,images/real/landscape/landscape_108_LpryxGvyY-8.jpg,false,,landscape
real_portrait_4.png,images/real/portrait/4.png,false,,portrait
real_portrait_5.png,images/real/portrait/5.png,false,,portrait
real_portrait_2.jpg,images/real/portrait/2.jpg,false,,portrait
real_portrait_3.png,images/real/portrait/3.png,false,,portrait
real_portrait_1.png,images/real/portrait/1.png,false,,portrait
